0 ISOVF /mnt/chrastil/users/cossio/MLINDIV_young/Noddi_2025/atlas/HarvardOxford-cort-maxprob-thr50-1mm.nii.gz,10 ISOVF /mnt/chrastil/users/cossio/MLINDIV_young/Noddi_2025/atlas/HarvardOxford-cort-maxprob-thr50-1mm.nii.gz,11 ISOVF /mnt/chrastil/users/cossio/MLINDIV_young/Noddi_2025/atlas/HarvardOxford-cort-maxprob-thr50-1mm.nii.gz,12 ISOVF /mnt/chrastil/users/cossio/MLINDIV_young/Noddi_2025/atlas/HarvardOxford-cort-maxprob-thr50-1mm.nii.gz,13 ISOVF /mnt/chrastil/users/cossio/MLINDIV_young/Noddi_2025/atlas/HarvardOxford-cort-maxprob-thr50-1mm.nii.gz,14 ISOVF /mnt/chrastil/users/cossio/MLINDIV_young/Noddi_2025/atlas/HarvardOxford-cort-maxprob-thr50-1mm.nii.gz,15 ISOVF /mnt/chrastil/users/cossio/MLINDIV_young/Noddi_2025/atlas/HarvardOxford-cort-maxprob-thr50-1mm.nii.gz,16 ISOVF /mnt/chrastil/users/cossio/MLINDIV_young/Noddi_2025/atlas/HarvardOxford-cort-maxprob-thr50-1mm.nii.gz,17 ISOVF /mnt/chrastil/users/cossio/MLINDIV_young/Noddi_2025/atlas/HarvardOxford-cort-maxprob-thr50-1mm.nii.gz,18 ISOVF /mnt/chrastil/users/cossio/MLINDIV_young/Noddi_2025/atlas/HarvardOxford-cort-maxprob-thr50-1mm.nii.gz,19 ISOVF /mnt/chrastil/users/cossio/MLINDIV_young/Noddi_2025/atlas/HarvardOxford-cort-maxprob-thr50-1mm.nii.gz,1 ISOVF /mnt/chrastil/users/cossio/MLINDIV_young/Noddi_2025/atlas/HarvardOxford-cort-maxprob-thr50-1mm.nii.gz,20 ISOVF /mnt/chrastil/users/cossio/MLINDIV_young/Noddi_2025/atlas/HarvardOxford-cort-maxprob-thr50-1mm.nii.gz,21 ISOVF /mnt/chrastil/users/cossio/MLINDIV_young/Noddi_2025/atlas/HarvardOxford-cort-maxprob-thr50-1mm.nii.gz,22 ISOVF /mnt/chrastil/users/cossio/MLINDIV_young/Noddi_2025/atlas/HarvardOxford-cort-maxprob-thr50-1mm.nii.gz,23 ISOVF /mnt/chrastil/users/cossio/MLINDIV_young/Noddi_2025/atlas/HarvardOxford-cort-maxprob-thr50-1mm.nii.gz,24 ISOVF /mnt/chrastil/users/cossio/MLINDIV_young/Noddi_2025/atlas/HarvardOxford-cort-maxprob-thr50-1mm.nii.gz,25 ISOVF /mnt/chrastil/users/cossio/MLINDIV_young/Noddi_2025/atlas/HarvardOxford-cort-maxprob-thr50-1mm.nii.gz,26 ISOVF /mnt/chrastil/users/cossio/MLINDIV_young/Noddi_2025/atlas/HarvardOxford-cort-maxprob-thr50-1mm.nii.gz,27 ISOVF /mnt/chrastil/users/cossio/MLINDIV_young/Noddi_2025/atlas/HarvardOxford-cort-maxprob-thr50-1mm.nii.gz,28 ISOVF /mnt/chrastil/users/cossio/MLINDIV_young/Noddi_2025/atlas/HarvardOxford-cort-maxprob-thr50-1mm.nii.gz,29 ISOVF /mnt/chrastil/users/cossio/MLINDIV_young/Noddi_2025/atlas/HarvardOxford-cort-maxprob-thr50-1mm.nii.gz,2 ISOVF /mnt/chrastil/users/cossio/MLINDIV_young/Noddi_2025/atlas/HarvardOxford-cort-maxprob-thr50-1mm.nii.gz,30 ISOVF /mnt/chrastil/users/cossio/MLINDIV_young/Noddi_2025/atlas/HarvardOxford-cort-maxprob-thr50-1mm.nii.gz,31 ISOVF /mnt/chrastil/users/cossio/MLINDIV_young/Noddi_2025/atlas/HarvardOxford-cort-maxprob-thr50-1mm.nii.gz,32 ISOVF /mnt/chrastil/users/cossio/MLINDIV_young/Noddi_2025/atlas/HarvardOxford-cort-maxprob-thr50-1mm.nii.gz,33 ISOVF /mnt/chrastil/users/cossio/MLINDIV_young/Noddi_2025/atlas/HarvardOxford-cort-maxprob-thr50-1mm.nii.gz,34 ISOVF /mnt/chrastil/users/cossio/MLINDIV_young/Noddi_2025/atlas/HarvardOxford-cort-maxprob-thr50-1mm.nii.gz,35 ISOVF /mnt/chrastil/users/cossio/MLINDIV_young/Noddi_2025/atlas/HarvardOxford-cort-maxprob-thr50-1mm.nii.gz,36 ISOVF /mnt/chrastil/users/cossio/MLINDIV_young/Noddi_2025/atlas/HarvardOxford-cort-maxprob-thr50-1mm.nii.gz,37 ISOVF /mnt/chrastil/users/cossio/MLINDIV_young/Noddi_2025/atlas/HarvardOxford-cort-maxprob-thr50-1mm.nii.gz,38 ISOVF /mnt/chrastil/users/cossio/MLINDIV_young/Noddi_2025/atlas/HarvardOxford-cort-maxprob-thr50-1mm.nii.gz,39 ISOVF /mnt/chrastil/users/cossio/MLINDIV_young/Noddi_2025/atlas/HarvardOxford-cort-maxprob-thr50-1mm.nii.gz,3 ISOVF /mnt/chrastil/users/cossio/MLINDIV_young/Noddi_2025/atlas/HarvardOxford-cort-maxprob-thr50-1mm.nii.gz,40 ISOVF /mnt/chrastil/users/cossio/MLINDIV_young/Noddi_2025/atlas/HarvardOxford-cort-maxprob-thr50-1mm.nii.gz,41 ISOVF /mnt/chrastil/users/cossio/MLINDIV_young/Noddi_2025/atlas/HarvardOxford-cort-maxprob-thr50-1mm.nii.gz,42 ISOVF /mnt/chrastil/users/cossio/MLINDIV_young/Noddi_2025/atlas/HarvardOxford-cort-maxprob-thr50-1mm.nii.gz,43 ISOVF /mnt/chrastil/users/cossio/MLINDIV_young/Noddi_2025/atlas/HarvardOxford-cort-maxprob-thr50-1mm.nii.gz,44 ISOVF /mnt/chrastil/users/cossio/MLINDIV_young/Noddi_2025/atlas/HarvardOxford-cort-maxprob-thr50-1mm.nii.gz,45 ISOVF /mnt/chrastil/users/cossio/MLINDIV_young/Noddi_2025/atlas/HarvardOxford-cort-maxprob-thr50-1mm.nii.gz,46 ISOVF /mnt/chrastil/users/cossio/MLINDIV_young/Noddi_2025/atlas/HarvardOxford-cort-maxprob-thr50-1mm.nii.gz,47 ISOVF /mnt/chrastil/users/cossio/MLINDIV_young/Noddi_2025/atlas/HarvardOxford-cort-maxprob-thr50-1mm.nii.gz,4 ISOVF /mnt/chrastil/users/cossio/MLINDIV_young/Noddi_2025/atlas/HarvardOxford-cort-maxprob-thr50-1mm.nii.gz,5 ISOVF /mnt/chrastil/users/cossio/MLINDIV_young/Noddi_2025/atlas/HarvardOxford-cort-maxprob-thr50-1mm.nii.gz,6 ISOVF /mnt/chrastil/users/cossio/MLINDIV_young/Noddi_2025/atlas/HarvardOxford-cort-maxprob-thr50-1mm.nii.gz,7 ISOVF /mnt/chrastil/users/cossio/MLINDIV_young/Noddi_2025/atlas/HarvardOxford-cort-maxprob-thr50-1mm.nii.gz,8 ISOVF /mnt/chrastil/users/cossio/MLINDIV_young/Noddi_2025/atlas/HarvardOxford-cort-maxprob-thr50-1mm.nii.gz,9 ISOVF /mnt/chrastil/users/cossio/MLINDIV_young/Noddi_2025/atlas/HarvardOxford-cort-maxprob-thr50-1mm.nii.gz
,,0.0737649 [1979 voxels],0.078905 [8826 voxels],0.0529437 [6190 voxels],0.0631331 [1665 voxels],0.0386565 [4262 voxels],0.0804591 [4819 voxels],0.168599 [18464 voxels],0.180723 [5640 voxels],0.115838 [5153 voxels],0.116741 [79800 voxels],0.0922977 [4273 voxels],0.102959 [6557 voxels],0.132397 [42295 voxels],0.0790728 [16349 voxels],0.185782 [3860 voxels],0.155196 [4695 voxels],0.214335 [5733 voxels],0.299766 [5822 voxels],0.139373 [13488 voxels],0.174862 [12635 voxels],0.120743 [13909 voxels],0.138172 [10811 voxels],0.108863 [21586 voxels],0.133302 [2746 voxels],0.171348 [14037 voxels],0.19892 [4974 voxels],0.196281 [2568 voxels],0.172408 [12617 voxels],0.0380796 [1547 voxels],0.0785384 [5553 voxels],0.0794057 [5066 voxels],0.112378 [17093 voxels],0.0821528 [4478 voxels],0.19395 [1821 voxels],0.223995 [8200 voxels],0.215435 [3410 voxels],0.309928 [2076 voxels],0.275637 [1349 voxels],0.170313 [2056 voxels],0.197148 [275 voxels],0.104234 [15981 voxels],0.110281 [2377 voxels],0.105256 [3846 voxels],0.141607 [21246 voxels],0.159905 [23457 voxels],0.0735274 [1096 voxels]
,,0.05139 [1979 voxels],0.059322 [8826 voxels],0.047881 [6190 voxels],0.0326788 [1665 voxels],0.0370428 [4262 voxels],0.0350942 [4819 voxels],0.119106 [18464 voxels],0.121321 [5640 voxels],0.0766474 [5153 voxels],0.105547 [79800 voxels],0.0689668 [4273 voxels],0.0855898 [6557 voxels],0.10133 [42295 voxels],0.0528527 [16349 voxels],0.168828 [3860 voxels],0.231777 [4695 voxels],0.213287 [5733 voxels],0.29715 [5822 voxels],0.177733 [13488 voxels],0.20159 [12635 voxels],0.1015 [13909 voxels],0.146792 [10811 voxels],0.143019 [21586 voxels],0.163917 [2746 voxels],0.169569 [14037 voxels],0.22147 [4974 voxels],0.212488 [2568 voxels],0.202405 [12617 voxels],0.0455212 [1547 voxels],0.0872575 [5553 voxels],0.0939194 [5066 voxels],0.119098 [17093 voxels],0.0598059 [4478 voxels],0.137079 [1821 voxels],0.131354 [8200 voxels],0.152713 [3410 voxels],0.207772 [2076 voxels],0.203219 [1349 voxels],0.12617 [2056 voxels],0.34164 [275 voxels],0.11391 [15981 voxels],0.0802036 [2377 voxels],0.111637 [3846 voxels],0.127652 [21246 voxels],0.144415 [23457 voxels],0.0837151 [1096 voxels]
,,0.108457 [1979 voxels],0.0849911 [8826 voxels],0.0930718 [6190 voxels],0.0429643 [1665 voxels],0.0731183 [4262 voxels],0.0513752 [4819 voxels],0.149275 [18464 voxels],0.194111 [5640 voxels],0.139205 [5153 voxels],0.136736 [79800 voxels],0.145436 [4273 voxels],0.0792403 [6557 voxels],0.138102 [42295 voxels],0.0581635 [16349 voxels],0.137405 [3860 voxels],0.275985 [4695 voxels],0.369645 [5733 voxels],0.243854 [5822 voxels],0.276512 [13488 voxels],0.258226 [12635 voxels],0.0994484 [13909 voxels],0.208459 [10811 voxels],0.221844 [21586 voxels],0.191665 [2746 voxels],0.164145 [14037 voxels],0.289377 [4974 voxels],0.172279 [2568 voxels],0.238718 [12617 voxels],0.0878639 [1547 voxels],0.0783567 [5553 voxels],0.0784143 [5066 voxels],0.207452 [17093 voxels],0.0694665 [4478 voxels],0.136593 [1821 voxels],0.17967 [8200 voxels],0.143494 [3410 voxels],0.205189 [2076 voxels],0.204459 [1349 voxels],0.164409 [2056 voxels],0.344966 [275 voxels],0.13844 [15981 voxels],0.0874161 [2377 voxels],0.11245 [3846 voxels],0.207606 [21246 voxels],0.184222 [23457 voxels],0.0863118 [1096 voxels]
,,0.0761933 [1979 voxels],0.0789522 [8826 voxels],0.0470138 [6190 voxels],0.103929 [1665 voxels],0.0400889 [4262 voxels],0.0306301 [4819 voxels],0.133536 [18464 voxels],0.102629 [5640 voxels],0.0760008 [5153 voxels],0.104455 [79800 voxels],0.0577782 [4273 voxels],0.034944 [6557 voxels],0.0548022 [42295 voxels],0.0314053 [16349 voxels],0.184261 [3860 voxels],0.171899 [4695 voxels],0.231371 [5733 voxels],0.33289 [5822 voxels],0.205132 [13488 voxels],0.225313 [12635 voxels],0.0975137 [13909 voxels],0.165011 [10811 voxels],0.134407 [21586 voxels],0.0902881 [2746 voxels],0.162056 [14037 voxels],0.298448 [4974 voxels],0.20839 [2568 voxels],0.217089 [12617 voxels],0.201636 [1547 voxels],0.10171 [5553 voxels],0.0602888 [5066 voxels],0.1233 [17093 voxels],0.0763144 [4478 voxels],0.121853 [1821 voxels],0.132339 [8200 voxels],0.137102 [3410 voxels],0.320581 [2076 voxels],0.2094 [1349 voxels],0.111158 [2056 voxels],0.361316 [275 voxels],0.133223 [15981 voxels],0.0781545 [2377 voxels],0.106539 [3846 voxels],0.138267 [21246 voxels],0.173879 [23457 voxels],0.0391152 [1096 voxels]
,,0.0841407 [1979 voxels],0.127425 [8826 voxels],0.0784311 [6190 voxels],0.0458549 [1665 voxels],0.0810884 [4262 voxels],0.0989528 [4819 voxels],0.194161 [18464 voxels],0.205193 [5640 voxels],0.145961 [5153 voxels],0.189523 [79800 voxels],0.146535 [4273 voxels],0.158795 [6557 voxels],0.135856 [42295 voxels],0.0800115 [16349 voxels],0.232556 [3860 voxels],0.306669 [4695 voxels],0.329234 [5733 voxels],0.344758 [5822 voxels],0.308039 [13488 voxels],0.322931 [12635 voxels],0.158659 [13909 voxels],0.253654 [10811 voxels],0.204067 [21586 voxels],0.151152 [2746 voxels],0.246037 [14037 voxels],0.298803 [4974 voxels],0.301978 [2568 voxels],0.289946 [12617 voxels],0.0731829 [1547 voxels],0.137162 [5553 voxels],0.18304 [5066 voxels],0.213745 [17093 voxels],0.107825 [4478 voxels],0.293866 [1821 voxels],0.229295 [8200 voxels],0.243001 [3410 voxels],0.294994 [2076 voxels],0.32189 [1349 voxels],0.217561 [2056 voxels],0.448873 [275 voxels],0.16831 [15981 voxels],0.149657 [2377 voxels],0.146922 [3846 voxels],0.186567 [21246 voxels],0.207313 [23457 voxels],0.120163 [1096 voxels]
,,0.0433646 [1979 voxels],0.102189 [8826 voxels],0.0941505 [6190 voxels],0.049997 [1665 voxels],0.0469478 [4262 voxels],0.0889254 [4819 voxels],0.122854 [18464 voxels],0.133592 [5640 voxels],0.107332 [5153 voxels],0.11325 [79800 voxels],0.126393 [4273 voxels],0.078374 [6557 voxels],0.14137 [42295 voxels],0.088272 [16349 voxels],0.218891 [3860 voxels],0.152163 [4695 voxels],0.188449 [5733 voxels],0.369266 [5822 voxels],0.206947 [13488 voxels],0.198118 [12635 voxels],0.142546 [13909 voxels],0.177403 [10811 voxels],0.147568 [21586 voxels],0.165318 [2746 voxels],0.196327 [14037 voxels],0.288364 [4974 voxels],0.245415 [2568 voxels],0.224573 [12617 voxels],0.061745 [1547 voxels],0.0837077 [5553 voxels],0.0970763 [5066 voxels],0.0859471 [17093 voxels],0.103241 [4478 voxels],0.196417 [1821 voxels],0.224434 [8200 voxels],0.213619 [3410 voxels],0.300952 [2076 voxels],0.293386 [1349 voxels],0.238637 [2056 voxels],0.36537 [275 voxels],0.109427 [15981 voxels],0.161702 [2377 voxels],0.0908039 [3846 voxels],0.141103 [21246 voxels],0.166793 [23457 voxels],0.0763694 [1096 voxels]
,,0.0720176 [1979 voxels],0.0602519 [8826 voxels],0.0630124 [6190 voxels],0.0445579 [1665 voxels],0.0417977 [4262 voxels],0.0385562 [4819 voxels],0.133341 [18464 voxels],0.144087 [5640 voxels],0.097443 [5153 voxels],0.131004 [79800 voxels],0.106978 [4273 voxels],0.0601586 [6557 voxels],0.123753 [42295 voxels],0.0811979 [16349 voxels],0.21474 [3860 voxels],0.185709 [4695 voxels],0.190681 [5733 voxels],0.288677 [5822 voxels],0.167299 [13488 voxels],0.175549 [12635 voxels],0.0819161 [13909 voxels],0.145717 [10811 voxels],0.13959 [21586 voxels],0.140678 [2746 voxels],0.142208 [14037 voxels],0.216146 [4974 voxels],0.23276 [2568 voxels],0.2226 [12617 voxels],0.0720152 [1547 voxels],0.0679521 [5553 voxels],0.0761786 [5066 voxels],0.101691 [17093 voxels],0.0489673 [4478 voxels],0.114345 [1821 voxels],0.153981 [8200 voxels],0.145097 [3410 voxels],0.247251 [2076 voxels],0.158583 [1349 voxels],0.112647 [2056 voxels],0.295125 [275 voxels],0.129521 [15981 voxels],0.0901997 [2377 voxels],0.0978836 [3846 voxels],0.154296 [21246 voxels],0.159459 [23457 voxels],0.0699315 [1096 voxels]
,,0.111835 [1979 voxels],0.121094 [8826 voxels],0.0832319 [6190 voxels],0.0560852 [1665 voxels],0.0708881 [4262 voxels],0.0673533 [4819 voxels],0.148427 [18464 voxels],0.164896 [5640 voxels],0.104623 [5153 voxels],0.145409 [79800 voxels],0.111726 [4273 voxels],0.110118 [6557 voxels],0.161819 [42295 voxels],0.0942284 [16349 voxels],0.19633 [3860 voxels],0.318361 [4695 voxels],0.289108 [5733 voxels],0.327179 [5822 voxels],0.248965 [13488 voxels],0.236852 [12635 voxels],0.132593 [13909 voxels],0.225835 [10811 voxels],0.218404 [21586 voxels],0.287616 [2746 voxels],0.244838 [14037 voxels],0.29805 [4974 voxels],0.28552 [2568 voxels],0.279047 [12617 voxels],0.0800841 [1547 voxels],0.099369 [5553 voxels],0.0684106 [5066 voxels],0.165851 [17093 voxels],0.0673118 [4478 voxels],0.222386 [1821 voxels],0.225213 [8200 voxels],0.178091 [3410 voxels],0.323394 [2076 voxels],0.303182 [1349 voxels],0.181078 [2056 voxels],0.338439 [275 voxels],0.154813 [15981 voxels],0.097624 [2377 voxels],0.129474 [3846 voxels],0.181695 [21246 voxels],0.195709 [23457 voxels],0.0646534 [1096 voxels]
,,0.0815527 [1979 voxels],0.0743723 [8826 voxels],0.0614535 [6190 voxels],0.0512815 [1665 voxels],0.050455 [4262 voxels],0.0533355 [4819 voxels],0.1051 [18464 voxels],0.141394 [5640 voxels],0.0646645 [5153 voxels],0.135877 [79800 voxels],0.0752054 [4273 voxels],0.0638642 [6557 voxels],0.118787 [42295 voxels],0.0806324 [16349 voxels],0.228157 [3860 voxels],0.178402 [4695 voxels],0.194813 [5733 voxels],0.245048 [5822 voxels],0.166519 [13488 voxels],0.196999 [12635 voxels],0.0919415 [13909 voxels],0.151276 [10811 voxels],0.148773 [21586 voxels],0.15841 [2746 voxels],0.122873 [14037 voxels],0.239802 [4974 voxels],0.188289 [2568 voxels],0.216997 [12617 voxels],0.111183 [1547 voxels],0.0908297 [5553 voxels],0.0653484 [5066 voxels],0.126496 [17093 voxels],0.0677002 [4478 voxels],0.0714923 [1821 voxels],0.135523 [8200 voxels],0.130045 [3410 voxels],0.251657 [2076 voxels],0.209352 [1349 voxels],0.131468 [2056 voxels],0.370267 [275 voxels],0.120633 [15981 voxels],0.083206 [2377 voxels],0.070768 [3846 voxels],0.130856 [21246 voxels],0.197273 [23457 voxels],0.0319271 [1096 voxels]
,,0.0429674 [1979 voxels],0.0547413 [8826 voxels],0.0547327 [6190 voxels],0.0485543 [1665 voxels],0.0377493 [4262 voxels],0.0241583 [4819 voxels],0.0832939 [18464 voxels],0.0831986 [5640 voxels],0.0512642 [5153 voxels],0.0637661 [79800 voxels],0.0639075 [4273 voxels],0.0374703 [6557 voxels],0.06417 [42295 voxels],0.0389436 [16349 voxels],0.138159 [3860 voxels],0.144859 [4695 voxels],0.166451 [5733 voxels],0.347274 [5822 voxels],0.11933 [13488 voxels],0.177149 [12635 voxels],0.099689 [13909 voxels],0.176202 [10811 voxels],0.125718 [21586 voxels],0.150052 [2746 voxels],0.155696 [14037 voxels],0.246379 [4974 voxels],0.250515 [2568 voxels],0.209004 [12617 voxels],0.107938 [1547 voxels],0.0753823 [5553 voxels],0.0825513 [5066 voxels],0.0653691 [17093 voxels],0.0401305 [4478 voxels],0.111309 [1821 voxels],0.117237 [8200 voxels],0.143546 [3410 voxels],0.171304 [2076 voxels],0.225216 [1349 voxels],0.076143 [2056 voxels],0.221072 [275 voxels],0.0535888 [15981 voxels],0.0568212 [2377 voxels],0.0866571 [3846 voxels],0.0891131 [21246 voxels],0.145811 [23457 voxels],0.0705982 [1096 voxels]
,,0.0569759 [1979 voxels],0.0816144 [8826 voxels],0.0732102 [6190 voxels],0.073452 [1665 voxels],0.076076 [4262 voxels],0.038908 [4819 voxels],0.11826 [18464 voxels],0.139343 [5640 voxels],0.103102 [5153 voxels],0.124724 [79800 voxels],0.0784955 [4273 voxels],0.0514065 [6557 voxels],0.103829 [42295 voxels],0.0847653 [16349 voxels],0.220974 [3860 voxels],0.20338 [4695 voxels],0.196746 [5733 voxels],0.32459 [5822 voxels],0.207633 [13488 voxels],0.195008 [12635 voxels],0.112497 [13909 voxels],0.150267 [10811 voxels],0.117181 [21586 voxels],0.133235 [2746 voxels],0.180795 [14037 voxels],0.277637 [4974 voxels],0.155162 [2568 voxels],0.183171 [12617 voxels],0.0759392 [1547 voxels],0.0953251 [5553 voxels],0.0637583 [5066 voxels],0.112337 [17093 voxels],0.0602614 [4478 voxels],0.190972 [1821 voxels],0.171369 [8200 voxels],0.159886 [3410 voxels],0.218546 [2076 voxels],0.260613 [1349 voxels],0.175468 [2056 voxels],0.348482 [275 voxels],0.125166 [15981 voxels],0.0759319 [2377 voxels],0.0954557 [3846 voxels],0.125901 [21246 voxels],0.171502 [23457 voxels],0.10522 [1096 voxels]
,,0.0667251 [1979 voxels],0.0730958 [8826 voxels],0.0489216 [6190 voxels],0.0481426 [1665 voxels],0.0183043 [4262 voxels],0.0466445 [4819 voxels],0.140829 [18464 voxels],0.187732 [5640 voxels],0.0841069 [5153 voxels],0.134717 [79800 voxels],0.0698453 [4273 voxels],0.0789297 [6557 voxels],0.103238 [42295 voxels],0.0757188 [16349 voxels],0.213873 [3860 voxels],0.252151 [4695 voxels],0.298143 [5733 voxels],0.281663 [5822 voxels],0.200243 [13488 voxels],0.219842 [12635 voxels],0.0982528 [13909 voxels],0.206691 [10811 voxels],0.175052 [21586 voxels],0.188004 [2746 voxels],0.187787 [14037 voxels],0.248475 [4974 voxels],0.187067 [2568 voxels],0.236398 [12617 voxels],0.0609746 [1547 voxels],0.0639206 [5553 voxels],0.0722611 [5066 voxels],0.154119 [17093 voxels],0.0788891 [4478 voxels],0.0954537 [1821 voxels],0.19576 [8200 voxels],0.136092 [3410 voxels],0.317906 [2076 voxels],0.185023 [1349 voxels],0.127393 [2056 voxels],0.267279 [275 voxels],0.133169 [15981 voxels],0.129537 [2377 voxels],0.101948 [3846 voxels],0.161472 [21246 voxels],0.166792 [23457 voxels],0.0741322 [1096 voxels]
,,0.0983672 [1979 voxels],0.0568902 [8826 voxels],0.0502738 [6190 voxels],0.0964978 [1665 voxels],0.0491982 [4262 voxels],0.0337804 [4819 voxels],0.107886 [18464 voxels],0.0829768 [5640 voxels],0.0748354 [5153 voxels],0.138897 [79800 voxels],0.0601395 [4273 voxels],0.053472 [6557 voxels],0.0640021 [42295 voxels],0.0463534 [16349 voxels],0.176023 [3860 voxels],0.177216 [4695 voxels],0.217022 [5733 voxels],0.292103 [5822 voxels],0.213129 [13488 voxels],0.202111 [12635 voxels],0.0876747 [13909 voxels],0.158965 [10811 voxels],0.119251 [21586 voxels],0.133803 [2746 voxels],0.160371 [14037 voxels],0.262365 [4974 voxels],0.225094 [2568 voxels],0.227626 [12617 voxels],0.0877555 [1547 voxels],0.0711128 [5553 voxels],0.0770249 [5066 voxels],0.126711 [17093 voxels],0.0603256 [4478 voxels],0.0621706 [1821 voxels],0.139484 [8200 voxels],0.0866184 [3410 voxels],0.188127 [2076 voxels],0.164004 [1349 voxels],0.102606 [2056 voxels],0.233466 [275 voxels],0.120329 [15981 voxels],0.104055 [2377 voxels],0.0709171 [3846 voxels],0.13433 [21246 voxels],0.213385 [23457 voxels],0.0503045 [1096 voxels]
,,0.103873 [1979 voxels],0.0704012 [8826 voxels],0.0630434 [6190 voxels],0.046258 [1665 voxels],0.0219906 [4262 voxels],0.0569519 [4819 voxels],0.103307 [18464 voxels],0.101805 [5640 voxels],0.061747 [5153 voxels],0.125609 [79800 voxels],0.0602996 [4273 voxels],0.0500595 [6557 voxels],0.0597352 [42295 voxels],0.0576212 [16349 voxels],0.1637 [3860 voxels],0.157463 [4695 voxels],0.28814 [5733 voxels],0.27294 [5822 voxels],0.202081 [13488 voxels],0.241602 [12635 voxels],0.101671 [13909 voxels],0.161648 [10811 voxels],0.120369 [21586 voxels],0.176988 [2746 voxels],0.148385 [14037 voxels],0.234345 [4974 voxels],0.230118 [2568 voxels],0.21627 [12617 voxels],0.100446 [1547 voxels],0.0959178 [5553 voxels],0.0569465 [5066 voxels],0.153157 [17093 voxels],0.0522906 [4478 voxels],0.136903 [1821 voxels],0.105315 [8200 voxels],0.114281 [3410 voxels],0.277265 [2076 voxels],0.220873 [1349 voxels],0.0995784 [2056 voxels],0.206928 [275 voxels],0.123552 [15981 voxels],0.0686457 [2377 voxels],0.110723 [3846 voxels],0.144476 [21246 voxels],0.179698 [23457 voxels],0.0389551 [1096 voxels]
,,0.0528443 [1979 voxels],0.063675 [8826 voxels],0.0719009 [6190 voxels],0.0234587 [1665 voxels],0.0536596 [4262 voxels],0.04926 [4819 voxels],0.113364 [18464 voxels],0.10951 [5640 voxels],0.0843417 [5153 voxels],0.0968871 [79800 voxels],0.054725 [4273 voxels],0.0508431 [6557 voxels],0.101604 [42295 voxels],0.0772775 [16349 voxels],0.231545 [3860 voxels],0.141491 [4695 voxels],0.195069 [5733 voxels],0.205069 [5822 voxels],0.104451 [13488 voxels],0.13194 [12635 voxels],0.0772351 [13909 voxels],0.130162 [10811 voxels],0.153018 [21586 voxels],0.189418 [2746 voxels],0.124556 [14037 voxels],0.247507 [4974 voxels],0.185709 [2568 voxels],0.204666 [12617 voxels],0.0576575 [1547 voxels],0.0794763 [5553 voxels],0.0619478 [5066 voxels],0.106916 [17093 voxels],0.0742503 [4478 voxels],0.0868211 [1821 voxels],0.126392 [8200 voxels],0.106975 [3410 voxels],0.201383 [2076 voxels],0.212384 [1349 voxels],0.129817 [2056 voxels],0.290079 [275 voxels],0.0805415 [15981 voxels],0.0576514 [2377 voxels],0.0800341 [3846 voxels],0.137979 [21246 voxels],0.143518 [23457 voxels],0.0402971 [1096 voxels]
,,0.0663635 [1979 voxels],0.0822322 [8826 voxels],0.0812598 [6190 voxels],0.056202 [1665 voxels],0.0368308 [4262 voxels],0.0631863 [4819 voxels],0.132257 [18464 voxels],0.109872 [5640 voxels],0.0764064 [5153 voxels],0.116805 [79800 voxels],0.0714765 [4273 voxels],0.0669326 [6557 voxels],0.100377 [42295 voxels],0.0987523 [16349 voxels],0.163447 [3860 voxels],0.251949 [4695 voxels],0.243074 [5733 voxels],0.278986 [5822 voxels],0.167801 [13488 voxels],0.229928 [12635 voxels],0.109865 [13909 voxels],0.177654 [10811 voxels],0.151446 [21586 voxels],0.197803 [2746 voxels],0.175359 [14037 voxels],0.297523 [4974 voxels],0.225037 [2568 voxels],0.226146 [12617 voxels],0.15363 [1547 voxels],0.0806997 [5553 voxels],0.0973099 [5066 voxels],0.112959 [17093 voxels],0.0877094 [4478 voxels],0.102752 [1821 voxels],0.169843 [8200 voxels],0.161927 [3410 voxels],0.256502 [2076 voxels],0.295428 [1349 voxels],0.184993 [2056 voxels],0.298093 [275 voxels],0.107203 [15981 voxels],0.0910042 [2377 voxels],0.0943941 [3846 voxels],0.125955 [21246 voxels],0.187172 [23457 voxels],0.0623019 [1096 voxels]
,,0.0701902 [1979 voxels],0.0424679 [8826 voxels],0.0460688 [6190 voxels],0.0389223 [1665 voxels],0.0241841 [4262 voxels],0.037436 [4819 voxels],0.09301 [18464 voxels],0.13114 [5640 voxels],0.0526838 [5153 voxels],0.0980359 [79800 voxels],0.0550275 [4273 voxels],0.0726957 [6557 voxels],0.0930779 [42295 voxels],0.0621517 [16349 voxels],0.17863 [3860 voxels],0.178546 [4695 voxels],0.219593 [5733 voxels],0.307848 [5822 voxels],0.158501 [13488 voxels],0.188195 [12635 voxels],0.0922806 [13909 voxels],0.180289 [10811 voxels],0.156396 [21586 voxels],0.118546 [2746 voxels],0.15169 [14037 voxels],0.249189 [4974 voxels],0.211254 [2568 voxels],0.19778 [12617 voxels],0.086784 [1547 voxels],0.0892608 [5553 voxels],0.0846149 [5066 voxels],0.10272 [17093 voxels],0.0906831 [4478 voxels],0.129047 [1821 voxels],0.143506 [8200 voxels],0.151104 [3410 voxels],0.19484 [2076 voxels],0.240951 [1349 voxels],0.103526 [2056 voxels],0.335485 [275 voxels],0.0717135 [15981 voxels],0.0541196 [2377 voxels],0.0596901 [3846 voxels],0.127431 [21246 voxels],0.142551 [23457 voxels],0.0388821 [1096 voxels]
,,0.100526 [1979 voxels],0.0822938 [8826 voxels],0.0675644 [6190 voxels],0.134863 [1665 voxels],0.0238213 [4262 voxels],0.0592156 [4819 voxels],0.141843 [18464 voxels],0.114484 [5640 voxels],0.123357 [5153 voxels],0.138706 [79800 voxels],0.0921517 [4273 voxels],0.0818715 [6557 voxels],0.098458 [42295 voxels],0.056878 [16349 voxels],0.169417 [3860 voxels],0.221506 [4695 voxels],0.27847 [5733 voxels],0.29327 [5822 voxels],0.222385 [13488 voxels],0.20781 [12635 voxels],0.11091 [13909 voxels],0.179227 [10811 voxels],0.140294 [21586 voxels],0.140117 [2746 voxels],0.196816 [14037 voxels],0.261729 [4974 voxels],0.227727 [2568 voxels],0.26517 [12617 voxels],0.096345 [1547 voxels],0.0559706 [5553 voxels],0.0660759 [5066 voxels],0.145657 [17093 voxels],0.0596744 [4478 voxels],0.15292 [1821 voxels],0.169565 [8200 voxels],0.128471 [3410 voxels],0.301115 [2076 voxels],0.283164 [1349 voxels],0.1466 [2056 voxels],0.262476 [275 voxels],0.115719 [15981 voxels],0.108363 [2377 voxels],0.135808 [3846 voxels],0.157269 [21246 voxels],0.236912 [23457 voxels],0.0668979 [1096 voxels]
,,0.0519545 [1979 voxels],0.0990479 [8826 voxels],0.076163 [6190 voxels],0.0633415 [1665 voxels],0.0430586 [4262 voxels],0.0594236 [4819 voxels],0.147777 [18464 voxels],0.14244 [5640 voxels],0.137511 [5153 voxels],0.128873 [79800 voxels],0.119487 [4273 voxels],0.0898681 [6557 voxels],0.132502 [42295 voxels],0.0786745 [16349 voxels],0.202041 [3860 voxels],0.207152 [4695 voxels],0.25415 [5733 voxels],0.24469 [5822 voxels],0.177518 [13488 voxels],0.193654 [12635 voxels],0.12616 [13909 voxels],0.195627 [10811 voxels],0.18921 [21586 voxels],0.173573 [2746 voxels],0.169422 [14037 voxels],0.252905 [4974 voxels],0.236125 [2568 voxels],0.281154 [12617 voxels],0.0590694 [1547 voxels],0.0830228 [5553 voxels],0.0751489 [5066 voxels],0.158564 [17093 voxels],0.0833044 [4478 voxels],0.222045 [1821 voxels],0.214605 [8200 voxels],0.209668 [3410 voxels],0.29399 [2076 voxels],0.28847 [1349 voxels],0.244614 [2056 voxels],0.354029 [275 voxels],0.118173 [15981 voxels],0.0868579 [2377 voxels],0.121379 [3846 voxels],0.145997 [21246 voxels],0.167583 [23457 voxels],0.0803146 [1096 voxels]
,,0.0880077 [1979 voxels],0.0922386 [8826 voxels],0.0811796 [6190 voxels],0.0349835 [1665 voxels],0.0301254 [4262 voxels],0.0296508 [4819 voxels],0.188723 [18464 voxels],0.146025 [5640 voxels],0.123849 [5153 voxels],0.153596 [79800 voxels],0.0794995 [4273 voxels],0.107317 [6557 voxels],0.145513 [42295 voxels],0.067583 [16349 voxels],0.228026 [3860 voxels],0.20573 [4695 voxels],0.29207 [5733 voxels],0.304011 [5822 voxels],0.212885 [13488 voxels],0.237504 [12635 voxels],0.136536 [13909 voxels],0.175746 [10811 voxels],0.190281 [21586 voxels],0.180545 [2746 voxels],0.201456 [14037 voxels],0.286891 [4974 voxels],0.209955 [2568 voxels],0.247984 [12617 voxels],0.0411576 [1547 voxels],0.0666717 [5553 voxels],0.0822671 [5066 voxels],0.191481 [17093 voxels],0.0849302 [4478 voxels],0.18043 [1821 voxels],0.187178 [8200 voxels],0.207259 [3410 voxels],0.347976 [2076 voxels],0.339583 [1349 voxels],0.145866 [2056 voxels],0.304341 [275 voxels],0.13942 [15981 voxels],0.151354 [2377 voxels],0.167876 [3846 voxels],0.18824 [21246 voxels],0.224065 [23457 voxels],0.0647375 [1096 voxels]
,,0.110811 [1979 voxels],0.0857739 [8826 voxels],0.0784606 [6190 voxels],0.0714611 [1665 voxels],0.0690676 [4262 voxels],0.0486795 [4819 voxels],0.164332 [18464 voxels],0.121097 [5640 voxels],0.104651 [5153 voxels],0.154283 [79800 voxels],0.100837 [4273 voxels],0.0707055 [6557 voxels],0.122536 [42295 voxels],0.0869376 [16349 voxels],0.213312 [3860 voxels],0.29044 [4695 voxels],0.233873 [5733 voxels],0.324568 [5822 voxels],0.221749 [13488 voxels],0.221343 [12635 voxels],0.132431 [13909 voxels],0.164974 [10811 voxels],0.1722 [21586 voxels],0.236395 [2746 voxels],0.166689 [14037 voxels],0.273637 [4974 voxels],0.176069 [2568 voxels],0.206384 [12617 voxels],0.039912 [1547 voxels],0.0557427 [5553 voxels],0.103937 [5066 voxels],0.153676 [17093 voxels],0.0995854 [4478 voxels],0.196755 [1821 voxels],0.231679 [8200 voxels],0.279685 [3410 voxels],0.259169 [2076 voxels],0.331411 [1349 voxels],0.203587 [2056 voxels],0.288501 [275 voxels],0.139353 [15981 voxels],0.0896179 [2377 voxels],0.116443 [3846 voxels],0.15428 [21246 voxels],0.168276 [23457 voxels],0.0722573 [1096 voxels]
,,0.170566 [1979 voxels],0.151208 [8826 voxels],0.139599 [6190 voxels],0.091786 [1665 voxels],0.0602167 [4262 voxels],0.041527 [4819 voxels],0.171065 [18464 voxels],0.159905 [5640 voxels],0.0962547 [5153 voxels],0.197005 [79800 voxels],0.0976429 [4273 voxels],0.0966454 [6557 voxels],0.185594 [42295 voxels],0.0964993 [16349 voxels],0.180415 [3860 voxels],0.31506 [4695 voxels],0.340489 [5733 voxels],0.26336 [5822 voxels],0.244052 [13488 voxels],0.261896 [12635 voxels],0.158124 [13909 voxels],0.214154 [10811 voxels],0.219091 [21586 voxels],0.257687 [2746 voxels],0.194834 [14037 voxels],0.276044 [4974 voxels],0.206474 [2568 voxels],0.244651 [12617 voxels],0.146217 [1547 voxels],0.0953524 [5553 voxels],0.072161 [5066 voxels],0.161225 [17093 voxels],0.0970706 [4478 voxels],0.147343 [1821 voxels],0.174647 [8200 voxels],0.22263 [3410 voxels],0.289453 [2076 voxels],0.281607 [1349 voxels],0.223442 [2056 voxels],0.508682 [275 voxels],0.140814 [15981 voxels],0.1241 [2377 voxels],0.147598 [3846 voxels],0.188537 [21246 voxels],0.248383 [23457 voxels],0.0697997 [1096 voxels]
,,0.0685628 [1979 voxels],0.0706309 [8826 voxels],0.0523448 [6190 voxels],0.0184926 [1665 voxels],0.0442099 [4262 voxels],0.0354565 [4819 voxels],0.108401 [18464 voxels],0.0955042 [5640 voxels],0.0619481 [5153 voxels],0.11273 [79800 voxels],0.0651305 [4273 voxels],0.0489312 [6557 voxels],0.0722243 [42295 voxels],0.0466952 [16349 voxels],0.138907 [3860 voxels],0.182764 [4695 voxels],0.269022 [5733 voxels],0.294247 [5822 voxels],0.141426 [13488 voxels],0.16802 [12635 voxels],0.0696364 [13909 voxels],0.135004 [10811 voxels],0.124731 [21586 voxels],0.146021 [2746 voxels],0.133957 [14037 voxels],0.204032 [4974 voxels],0.188444 [2568 voxels],0.227333 [12617 voxels],0.0652015 [1547 voxels],0.0638144 [5553 voxels],0.0643398 [5066 voxels],0.111278 [17093 voxels],0.0364005 [4478 voxels],0.116891 [1821 voxels],0.113448 [8200 voxels],0.120727 [3410 voxels],0.161084 [2076 voxels],0.214845 [1349 voxels],0.0973374 [2056 voxels],0.168203 [275 voxels],0.0811821 [15981 voxels],0.0863261 [2377 voxels],0.0737156 [3846 voxels],0.13614 [21246 voxels],0.155123 [23457 voxels],0.0568665 [1096 voxels]
,,0.0768208 [1979 voxels],0.0869716 [8826 voxels],0.0804428 [6190 voxels],0.0575114 [1665 voxels],0.0991745 [4262 voxels],0.0653067 [4819 voxels],0.123963 [18464 voxels],0.132372 [5640 voxels],0.0877301 [5153 voxels],0.110366 [79800 voxels],0.0957414 [4273 voxels],0.116827 [6557 voxels],0.1216 [42295 voxels],0.0844828 [16349 voxels],0.295157 [3860 voxels],0.188422 [4695 voxels],0.315221 [5733 voxels],0.327271 [5822 voxels],0.246729 [13488 voxels],0.217974 [12635 voxels],0.124686 [13909 voxels],0.20321 [10811 voxels],0.181196 [21586 voxels],0.247169 [2746 voxels],0.183649 [14037 voxels],0.273218 [4974 voxels],0.183388 [2568 voxels],0.272124 [12617 voxels],0.066964 [1547 voxels],0.0803544 [5553 voxels],0.0959499 [5066 voxels],0.171405 [17093 voxels],0.0794093 [4478 voxels],0.13094 [1821 voxels],0.144934 [8200 voxels],0.143825 [3410 voxels],0.284781 [2076 voxels],0.348172 [1349 voxels],0.169973 [2056 voxels],0.422083 [275 voxels],0.141769 [15981 voxels],0.142562 [2377 voxels],0.120461 [3846 voxels],0.15593 [21246 voxels],0.187768 [23457 voxels],0.0860549 [1096 voxels]
,,0.0652031 [1979 voxels],0.06627 [8826 voxels],0.0540329 [6190 voxels],0.0711738 [1665 voxels],0.0415732 [4262 voxels],0.0806051 [4819 voxels],0.127018 [18464 voxels],0.129485 [5640 voxels],0.0744664 [5153 voxels],0.125396 [79800 voxels],0.0526531 [4273 voxels],0.116394 [6557 voxels],0.126163 [42295 voxels],0.0581733 [16349 voxels],0.236982 [3860 voxels],0.211686 [4695 voxels],0.288215 [5733 voxels],0.368039 [5822 voxels],0.203677 [13488 voxels],0.250752 [12635 voxels],0.147512 [13909 voxels],0.221462 [10811 voxels],0.179175 [21586 voxels],0.195703 [2746 voxels],0.181257 [14037 voxels],0.291948 [4974 voxels],0.239154 [2568 voxels],0.286058 [12617 voxels],0.0621515 [1547 voxels],0.110907 [5553 voxels],0.146312 [5066 voxels],0.132941 [17093 voxels],0.115791 [4478 voxels],0.116394 [1821 voxels],0.194618 [8200 voxels],0.224032 [3410 voxels],0.284352 [2076 voxels],0.271118 [1349 voxels],0.16317 [2056 voxels],0.239 [275 voxels],0.112643 [15981 voxels],0.126899 [2377 voxels],0.0954982 [3846 voxels],0.137622 [21246 voxels],0.19124 [23457 voxels],0.0845073 [1096 voxels]
,,0.130358 [1979 voxels],0.117957 [8826 voxels],0.103586 [6190 voxels],0.059638 [1665 voxels],0.058755 [4262 voxels],0.0461022 [4819 voxels],0.169248 [18464 voxels],0.165101 [5640 voxels],0.128996 [5153 voxels],0.14707 [79800 voxels],0.101255 [4273 voxels],0.114176 [6557 voxels],0.116402 [42295 voxels],0.047693 [16349 voxels],0.207561 [3860 voxels],0.256292 [4695 voxels],0.358004 [5733 voxels],0.29233 [5822 voxels],0.306595 [13488 voxels],0.291341 [12635 voxels],0.145126 [13909 voxels],0.213461 [10811 voxels],0.194053 [21586 voxels],0.207184 [2746 voxels],0.17716 [14037 voxels],0.242787 [4974 voxels],0.180476 [2568 voxels],0.234111 [12617 voxels],0.0896872 [1547 voxels],0.0749159 [5553 voxels],0.0752391 [5066 voxels],0.182312 [17093 voxels],0.0563534 [4478 voxels],0.14725 [1821 voxels],0.20485 [8200 voxels],0.148941 [3410 voxels],0.363439 [2076 voxels],0.269233 [1349 voxels],0.163972 [2056 voxels],0.469784 [275 voxels],0.146356 [15981 voxels],0.135611 [2377 voxels],0.109109 [3846 voxels],0.182394 [21246 voxels],0.212648 [23457 voxels],0.0843576 [1096 voxels]
,,0.0458427 [1979 voxels],0.0665629 [8826 voxels],0.041133 [6190 voxels],0.0604021 [1665 voxels],0.0385602 [4262 voxels],0.0468383 [4819 voxels],0.122049 [18464 voxels],0.097506 [5640 voxels],0.068105 [5153 voxels],0.13067 [79800 voxels],0.0530639 [4273 voxels],0.0594586 [6557 voxels],0.0732823 [42295 voxels],0.0513688 [16349 voxels],0.181566 [3860 voxels],0.230639 [4695 voxels],0.254299 [5733 voxels],0.324428 [5822 voxels],0.231608 [13488 voxels],0.24492 [12635 voxels],0.116758 [13909 voxels],0.188518 [10811 voxels],0.110164 [21586 voxels],0.146386 [2746 voxels],0.180681 [14037 voxels],0.236706 [4974 voxels],0.204469 [2568 voxels],0.241625 [12617 voxels],0.0459514 [1547 voxels],0.0731346 [5553 voxels],0.0931407 [5066 voxels],0.146432 [17093 voxels],0.076917 [4478 voxels],0.182433 [1821 voxels],0.16677 [8200 voxels],0.156909 [3410 voxels],0.270896 [2076 voxels],0.218323 [1349 voxels],0.123142 [2056 voxels],0.230617 [275 voxels],0.11369 [15981 voxels],0.103073 [2377 voxels],0.0968828 [3846 voxels],0.1333 [21246 voxels],0.17105 [23457 voxels],0.0752387 [1096 voxels]
,,0.0772088 [1979 voxels],0.0513159 [8826 voxels],0.0722276 [6190 voxels],0.0279862 [1665 voxels],0.0248545 [4262 voxels],0.0402187 [4819 voxels],0.121118 [18464 voxels],0.110459 [5640 voxels],0.103024 [5153 voxels],0.126716 [79800 voxels],0.104672 [4273 voxels],0.0647438 [6557 voxels],0.0962666 [42295 voxels],0.060983 [16349 voxels],0.17922 [3860 voxels],0.204457 [4695 voxels],0.245567 [5733 voxels],0.27846 [5822 voxels],0.233567 [13488 voxels],0.246032 [12635 voxels],0.105632 [13909 voxels],0.175915 [10811 voxels],0.15386 [21586 voxels],0.119055 [2746 voxels],0.156837 [14037 voxels],0.233523 [4974 voxels],0.199656 [2568 voxels],0.213306 [12617 voxels],0.109236 [1547 voxels],0.0729911 [5553 voxels],0.0859041 [5066 voxels],0.140065 [17093 voxels],0.0828396 [4478 voxels],0.158669 [1821 voxels],0.173768 [8200 voxels],0.185266 [3410 voxels],0.284155 [2076 voxels],0.25929 [1349 voxels],0.14388 [2056 voxels],0.213484 [275 voxels],0.112235 [15981 voxels],0.116183 [2377 voxels],0.0891212 [3846 voxels],0.152632 [21246 voxels],0.162185 [23457 voxels],0.0847246 [1096 voxels]
,,0.127171 [1979 voxels],0.101062 [8826 voxels],0.105338 [6190 voxels],0.0505376 [1665 voxels],0.0408794 [4262 voxels],0.0704767 [4819 voxels],0.177451 [18464 voxels],0.174531 [5640 voxels],0.116654 [5153 voxels],0.184657 [79800 voxels],0.108683 [4273 voxels],0.0906818 [6557 voxels],0.140334 [42295 voxels],0.0953346 [16349 voxels],0.223408 [3860 voxels],0.334307 [4695 voxels],0.378843 [5733 voxels],0.336038 [5822 voxels],0.278279 [13488 voxels],0.291645 [12635 voxels],0.13974 [13909 voxels],0.238392 [10811 voxels],0.221564 [21586 voxels],0.238718 [2746 voxels],0.20869 [14037 voxels],0.343238 [4974 voxels],0.259841 [2568 voxels],0.265492 [12617 voxels],0.119492 [1547 voxels],0.110809 [5553 voxels],0.111342 [5066 voxels],0.195315 [17093 voxels],0.125568 [4478 voxels],0.138836 [1821 voxels],0.180173 [8200 voxels],0.196457 [3410 voxels],0.255046 [2076 voxels],0.251807 [1349 voxels],0.17729 [2056 voxels],0.30207 [275 voxels],0.142516 [15981 voxels],0.111236 [2377 voxels],0.100588 [3846 voxels],0.210727 [21246 voxels],0.212454 [23457 voxels],0.101605 [1096 voxels]
,,0.0493863 [1979 voxels],0.0861936 [8826 voxels],0.0725283 [6190 voxels],0.0386674 [1665 voxels],0.0662598 [4262 voxels],0.064094 [4819 voxels],0.122173 [18464 voxels],0.130437 [5640 voxels],0.0703695 [5153 voxels],0.141211 [79800 voxels],0.102655 [4273 voxels],0.0771113 [6557 voxels],0.106168 [42295 voxels],0.0912638 [16349 voxels],0.233389 [3860 voxels],0.205835 [4695 voxels],0.309186 [5733 voxels],0.258584 [5822 voxels],0.19612 [13488 voxels],0.225669 [12635 voxels],0.0971138 [13909 voxels],0.167528 [10811 voxels],0.170317 [21586 voxels],0.198632 [2746 voxels],0.165541 [14037 voxels],0.257295 [4974 voxels],0.145106 [2568 voxels],0.232274 [12617 voxels],0.0831139 [1547 voxels],0.0591702 [5553 voxels],0.078418 [5066 voxels],0.170929 [17093 voxels],0.0835457 [4478 voxels],0.147389 [1821 voxels],0.1526 [8200 voxels],0.155234 [3410 voxels],0.233234 [2076 voxels],0.210212 [1349 voxels],0.132599 [2056 voxels],0.339018 [275 voxels],0.146 [15981 voxels],0.0907101 [2377 voxels],0.0888188 [3846 voxels],0.160732 [21246 voxels],0.170911 [23457 voxels],0.0631523 [1096 voxels]
,,0.0555728 [1979 voxels],0.0772636 [8826 voxels],0.0729617 [6190 voxels],0.0662865 [1665 voxels],0.0432256 [4262 voxels],0.0446545 [4819 voxels],0.171427 [18464 voxels],0.157264 [5640 voxels],0.102802 [5153 voxels],0.122368 [79800 voxels],0.100479 [4273 voxels],0.10307 [6557 voxels],0.13762 [42295 voxels],0.0796655 [16349 voxels],0.217471 [3860 voxels],0.219541 [4695 voxels],0.287556 [5733 voxels],0.331022 [5822 voxels],0.224699 [13488 voxels],0.246376 [12635 voxels],0.108771 [13909 voxels],0.193557 [10811 voxels],0.174302 [21586 voxels],0.153962 [2746 voxels],0.192118 [14037 voxels],0.26798 [4974 voxels],0.2099 [2568 voxels],0.278804 [12617 voxels],0.094829 [1547 voxels],0.0901939 [5553 voxels],0.0921661 [5066 voxels],0.145724 [17093 voxels],0.0641877 [4478 voxels],0.150514 [1821 voxels],0.166394 [8200 voxels],0.18897 [3410 voxels],0.227945 [2076 voxels],0.276869 [1349 voxels],0.144318 [2056 voxels],0.402836 [275 voxels],0.125868 [15981 voxels],0.084423 [2377 voxels],0.0973213 [3846 voxels],0.172634 [21246 voxels],0.191981 [23457 voxels],0.117051 [1096 voxels]
,,0.10127 [1979 voxels],0.109596 [8826 voxels],0.0822687 [6190 voxels],0.0388904 [1665 voxels],0.0907918 [4262 voxels],0.0623407 [4819 voxels],0.149417 [18464 voxels],0.156303 [5640 voxels],0.106833 [5153 voxels],0.167218 [79800 voxels],0.106233 [4273 voxels],0.127795 [6557 voxels],0.159489 [42295 voxels],0.0644163 [16349 voxels],0.219747 [3860 voxels],0.292058 [4695 voxels],0.307223 [5733 voxels],0.390083 [5822 voxels],0.264623 [13488 voxels],0.287303 [12635 voxels],0.172708 [13909 voxels],0.234916 [10811 voxels],0.201269 [21586 voxels],0.155323 [2746 voxels],0.220327 [14037 voxels],0.305693 [4974 voxels],0.31273 [2568 voxels],0.274283 [12617 voxels],0.0552247 [1547 voxels],0.124366 [5553 voxels],0.0946089 [5066 voxels],0.17076 [17093 voxels],0.0910857 [4478 voxels],0.195347 [1821 voxels],0.247152 [8200 voxels],0.254472 [3410 voxels],0.355268 [2076 voxels],0.326563 [1349 voxels],0.193076 [2056 voxels],0.31275 [275 voxels],0.130396 [15981 voxels],0.161563 [2377 voxels],0.161766 [3846 voxels],0.204583 [21246 voxels],0.185948 [23457 voxels],0.0748298 [1096 voxels]
,,0.0620149 [1979 voxels],0.0628948 [8826 voxels],0.0574906 [6190 voxels],0.0317741 [1665 voxels],0.046452 [4262 voxels],0.0509967 [4819 voxels],0.128391 [18464 voxels],0.0964181 [5640 voxels],0.0648855 [5153 voxels],0.146398 [79800 voxels],0.0553186 [4273 voxels],0.0819544 [6557 voxels],0.0698988 [42295 voxels],0.0413768 [16349 voxels],0.136786 [3860 voxels],0.219414 [4695 voxels],0.252936 [5733 voxels],0.287172 [5822 voxels],0.174785 [13488 voxels],0.198034 [12635 voxels],0.111259 [13909 voxels],0.128615 [10811 voxels],0.117538 [21586 voxels],0.0991733 [2746 voxels],0.154191 [14037 voxels],0.222973 [4974 voxels],0.226205 [2568 voxels],0.223206 [12617 voxels],0.0828361 [1547 voxels],0.0851568 [5553 voxels],0.0895301 [5066 voxels],0.142107 [17093 voxels],0.0524127 [4478 voxels],0.144112 [1821 voxels],0.176056 [8200 voxels],0.113878 [3410 voxels],0.268998 [2076 voxels],0.265829 [1349 voxels],0.0786677 [2056 voxels],0.0879873 [275 voxels],0.127028 [15981 voxels],0.0763669 [2377 voxels],0.121395 [3846 voxels],0.129917 [21246 voxels],0.170993 [23457 voxels],0.0646118 [1096 voxels]
,,0.126069 [1979 voxels],0.0863802 [8826 voxels],0.0675235 [6190 voxels],0.0769588 [1665 voxels],0.0429148 [4262 voxels],0.0438596 [4819 voxels],0.11522 [18464 voxels],0.0955187 [5640 voxels],0.0901495 [5153 voxels],0.0969301 [79800 voxels],0.0686293 [4273 voxels],0.0658118 [6557 voxels],0.0912211 [42295 voxels],0.0839915 [16349 voxels],0.16975 [3860 voxels],0.150765 [4695 voxels],0.20243 [5733 voxels],0.276539 [5822 voxels],0.160081 [13488 voxels],0.223635 [12635 voxels],0.108287 [13909 voxels],0.13198 [10811 voxels],0.127223 [21586 voxels],0.174799 [2746 voxels],0.182778 [14037 voxels],0.258536 [4974 voxels],0.211113 [2568 voxels],0.282751 [12617 voxels],0.105909 [1547 voxels],0.0755462 [5553 voxels],0.0713141 [5066 voxels],0.117648 [17093 voxels],0.0777293 [4478 voxels],0.16469 [1821 voxels],0.177542 [8200 voxels],0.171543 [3410 voxels],0.213753 [2076 voxels],0.271194 [1349 voxels],0.121751 [2056 voxels],0.311676 [275 voxels],0.10418 [15981 voxels],0.116437 [2377 voxels],0.101161 [3846 voxels],0.134938 [21246 voxels],0.165935 [23457 voxels],0.0563813 [1096 voxels]
,,0.0827315 [1979 voxels],0.0753363 [8826 voxels],0.0601869 [6190 voxels],0.0393864 [1665 voxels],0.030846 [4262 voxels],0.0577316 [4819 voxels],0.104577 [18464 voxels],0.113512 [5640 voxels],0.0530486 [5153 voxels],0.109939 [79800 voxels],0.0591301 [4273 voxels],0.0532577 [6557 voxels],0.101944 [42295 voxels],0.0870205 [16349 voxels],0.158441 [3860 voxels],0.246612 [4695 voxels],0.259965 [5733 voxels],0.29316 [5822 voxels],0.177847 [13488 voxels],0.226514 [12635 voxels],0.0973963 [13909 voxels],0.147735 [10811 voxels],0.147058 [21586 voxels],0.190132 [2746 voxels],0.174026 [14037 voxels],0.258304 [4974 voxels],0.193146 [2568 voxels],0.267268 [12617 voxels],0.0445164 [1547 voxels],0.0788099 [5553 voxels],0.0681343 [5066 voxels],0.148188 [17093 voxels],0.0524176 [4478 voxels],0.12532 [1821 voxels],0.151288 [8200 voxels],0.105571 [3410 voxels],0.261965 [2076 voxels],0.21383 [1349 voxels],0.0810505 [2056 voxels],0.275981 [275 voxels],0.0984345 [15981 voxels],0.101596 [2377 voxels],0.103065 [3846 voxels],0.138231 [21246 voxels],0.181164 [23457 voxels],0.0538812 [1096 voxels]
,,0.0565702 [1979 voxels],0.0574503 [8826 voxels],0.0564411 [6190 voxels],0.0517126 [1665 voxels],0.0428216 [4262 voxels],0.0193549 [4819 voxels],0.123568 [18464 voxels],0.186095 [5640 voxels],0.0794607 [5153 voxels],0.0945998 [79800 voxels],0.0869501 [4273 voxels],0.0742321 [6557 voxels],0.116429 [42295 voxels],0.054349 [16349 voxels],0.215671 [3860 voxels],0.148501 [4695 voxels],0.250415 [5733 voxels],0.292214 [5822 voxels],0.16602 [13488 voxels],0.191201 [12635 voxels],0.145725 [13909 voxels],0.185361 [10811 voxels],0.163522 [21586 voxels],0.181661 [2746 voxels],0.194 [14037 voxels],0.270971 [4974 voxels],0.196169 [2568 voxels],0.26414 [12617 voxels],0.0795246 [1547 voxels],0.123558 [5553 voxels],0.0977593 [5066 voxels],0.118448 [17093 voxels],0.10298 [4478 voxels],0.151985 [1821 voxels],0.182623 [8200 voxels],0.176339 [3410 voxels],0.192307 [2076 voxels],0.214937 [1349 voxels],0.185402 [2056 voxels],0.381224 [275 voxels],0.103992 [15981 voxels],0.0666992 [2377 voxels],0.100037 [3846 voxels],0.131268 [21246 voxels],0.154547 [23457 voxels],0.0514506 [1096 voxels]
,,0.0511487 [1979 voxels],0.0817196 [8826 voxels],0.076254 [6190 voxels],0.0290756 [1665 voxels],0.0490362 [4262 voxels],0.0590372 [4819 voxels],0.119303 [18464 voxels],0.158879 [5640 voxels],0.0882991 [5153 voxels],0.136899 [79800 voxels],0.0645139 [4273 voxels],0.0601623 [6557 voxels],0.103831 [42295 voxels],0.0768332 [16349 voxels],0.182989 [3860 voxels],0.247534 [4695 voxels],0.258263 [5733 voxels],0.284758 [5822 voxels],0.222365 [13488 voxels],0.258694 [12635 voxels],0.122719 [13909 voxels],0.19351 [10811 voxels],0.180019 [21586 voxels],0.170775 [2746 voxels],0.16969 [14037 voxels],0.239583 [4974 voxels],0.159256 [2568 voxels],0.233298 [12617 voxels],0.0696666 [1547 voxels],0.0842273 [5553 voxels],0.0948124 [5066 voxels],0.15852 [17093 voxels],0.0876091 [4478 voxels],0.175937 [1821 voxels],0.155801 [8200 voxels],0.130497 [3410 voxels],0.269978 [2076 voxels],0.200882 [1349 voxels],0.120651 [2056 voxels],0.210381 [275 voxels],0.129366 [15981 voxels],0.142923 [2377 voxels],0.084327 [3846 voxels],0.134737 [21246 voxels],0.156196 [23457 voxels],0.0492873 [1096 voxels]
,,0.0272574 [1979 voxels],0.0845009 [8826 voxels],0.162266 [6190 voxels],0 [1665 voxels],0.0056932 [4262 voxels],0.0745316 [4819 voxels],0.00327293 [18464 voxels],0 [5640 voxels],0 [5153 voxels],0.0567877 [79800 voxels],0.0196384 [4273 voxels],0.0296885 [6557 voxels],0.0189323 [42295 voxels],0.162515 [16349 voxels],0.0505575 [3860 voxels],0 [4695 voxels],0 [5733 voxels],0.0422281 [5822 voxels],0.00239906 [13488 voxels],0.00747522 [12635 voxels],0.0718161 [13909 voxels],0.0003005 [10811 voxels],0.00154178 [21586 voxels],0.0885251 [2746 voxels],0.016164 [14037 voxels],0.00595627 [4974 voxels],0.00722593 [2568 voxels],0.0473434 [12617 voxels],0 [1547 voxels],0.000432808 [5553 voxels],0.024392 [5066 voxels],0 [17093 voxels],0.0308406 [4478 voxels],0.13489 [1821 voxels],0.10312 [8200 voxels],0.0286259 [3410 voxels],0.0188626 [2076 voxels],0.0762919 [1349 voxels],0.0897716 [2056 voxels],0.0800918 [275 voxels],0 [15981 voxels],0.0659481 [2377 voxels],0.0915677 [3846 voxels],0.0105058 [21246 voxels],0.0122912 [23457 voxels],0.0239906 [1096 voxels]
,,0.0717996 [1979 voxels],0.0698923 [8826 voxels],0.0669848 [6190 voxels],0.0377799 [1665 voxels],0.149491 [4262 voxels],0.0558826 [4819 voxels],0.150635 [18464 voxels],0.108493 [5640 voxels],0.107938 [5153 voxels],0.115274 [79800 voxels],0.100757 [4273 voxels],0.0957608 [6557 voxels],0.12482 [42295 voxels],0.076014 [16349 voxels],0.228888 [3860 voxels],0.216344 [4695 voxels],0.278394 [5733 voxels],0.257864 [5822 voxels],0.151259 [13488 voxels],0.235587 [12635 voxels],0.112085 [13909 voxels],0.173999 [10811 voxels],0.130603 [21586 voxels],0.184446 [2746 voxels],0.124103 [14037 voxels],0.225496 [4974 voxels],0.186421 [2568 voxels],0.225405 [12617 voxels],0.0557132 [1547 voxels],0.0810821 [5553 voxels],0.104075 [5066 voxels],0.134705 [17093 voxels],0.0882372 [4478 voxels],0.118477 [1821 voxels],0.165977 [8200 voxels],0.175375 [3410 voxels],0.255149 [2076 voxels],0.26195 [1349 voxels],0.128072 [2056 voxels],0.373801 [275 voxels],0.0948112 [15981 voxels],0.0789893 [2377 voxels],0.0759049 [3846 voxels],0.149197 [21246 voxels],0.15879 [23457 voxels],0.0481021 [1096 voxels]
,,0.129946 [1979 voxels],0.0931118 [8826 voxels],0.0931073 [6190 voxels],0.0918392 [1665 voxels],0.0508541 [4262 voxels],0.0442094 [4819 voxels],0.15437 [18464 voxels],0.169059 [5640 voxels],0.123935 [5153 voxels],0.137849 [79800 voxels],0.108506 [4273 voxels],0.098813 [6557 voxels],0.0920292 [42295 voxels],0.0846348 [16349 voxels],0.197327 [3860 voxels],0.19423 [4695 voxels],0.329114 [5733 voxels],0.289207 [5822 voxels],0.226611 [13488 voxels],0.261574 [12635 voxels],0.125296 [13909 voxels],0.199271 [10811 voxels],0.169888 [21586 voxels],0.229706 [2746 voxels],0.187648 [14037 voxels],0.219048 [4974 voxels],0.349399 [2568 voxels],0.279084 [12617 voxels],0.0971623 [1547 voxels],0.108187 [5553 voxels],0.144639 [5066 voxels],0.175544 [17093 voxels],0.0659387 [4478 voxels],0.162634 [1821 voxels],0.217989 [8200 voxels],0.18332 [3410 voxels],0.345691 [2076 voxels],0.256979 [1349 voxels],0.157942 [2056 voxels],0.392642 [275 voxels],0.106123 [15981 voxels],0.147522 [2377 voxels],0.0974427 [3846 voxels],0.17278 [21246 voxels],0.235984 [23457 voxels],0.165409 [1096 voxels]
,,0.091136 [1979 voxels],0.0720595 [8826 voxels],0.0671172 [6190 voxels],0.0304362 [1665 voxels],0.0310711 [4262 voxels],0.0308961 [4819 voxels],0.105908 [18464 voxels],0.0640275 [5640 voxels],0.067809 [5153 voxels],0.0905951 [79800 voxels],0.0616234 [4273 voxels],0.0370503 [6557 voxels],0.061426 [42295 voxels],0.0435898 [16349 voxels],0.111722 [3860 voxels],0.208713 [4695 voxels],0.186385 [5733 voxels],0.33796 [5822 voxels],0.175435 [13488 voxels],0.177119 [12635 voxels],0.0970148 [13909 voxels],0.143702 [10811 voxels],0.104202 [21586 voxels],0.166092 [2746 voxels],0.175934 [14037 voxels],0.21922 [4974 voxels],0.175263 [2568 voxels],0.206731 [12617 voxels],0.0410891 [1547 voxels],0.0649129 [5553 voxels],0.0529535 [5066 voxels],0.09603 [17093 voxels],0.0464902 [4478 voxels],0.116886 [1821 voxels],0.131656 [8200 voxels],0.108221 [3410 voxels],0.229131 [2076 voxels],0.179852 [1349 voxels],0.146877 [2056 voxels],0.370329 [275 voxels],0.0985744 [15981 voxels],0.0874845 [2377 voxels],0.07938 [3846 voxels],0.117065 [21246 voxels],0.173848 [23457 voxels],0.107565 [1096 voxels]
,,0.0435676 [1979 voxels],0.0671069 [8826 voxels],0.0465513 [6190 voxels],0.0443163 [1665 voxels],0.0664443 [4262 voxels],0.0313518 [4819 voxels],0.111126 [18464 voxels],0.0849 [5640 voxels],0.0706919 [5153 voxels],0.141058 [79800 voxels],0.0487463 [4273 voxels],0.0565326 [6557 voxels],0.103709 [42295 voxels],0.0406289 [16349 voxels],0.148959 [3860 voxels],0.195093 [4695 voxels],0.287519 [5733 voxels],0.309207 [5822 voxels],0.193794 [13488 voxels],0.216451 [12635 voxels],0.111011 [13909 voxels],0.152416 [10811 voxels],0.122268 [21586 voxels],0.123048 [2746 voxels],0.191693 [14037 voxels],0.250655 [4974 voxels],0.179245 [2568 voxels],0.17499 [12617 voxels],0.103222 [1547 voxels],0.0533458 [5553 voxels],0.0574821 [5066 voxels],0.125892 [17093 voxels],0.0438162 [4478 voxels],0.234403 [1821 voxels],0.158214 [8200 voxels],0.137158 [3410 voxels],0.259269 [2076 voxels],0.226395 [1349 voxels],0.105679 [2056 voxels],0.365632 [275 voxels],0.122423 [15981 voxels],0.120491 [2377 voxels],0.132429 [3846 voxels],0.140713 [21246 voxels],0.200269 [23457 voxels],0.0421688 [1096 voxels]
,,0.0614518 [1979 voxels],0.0575829 [8826 voxels],0.05485 [6190 voxels],0.0424221 [1665 voxels],0.058355 [4262 voxels],0.0367623 [4819 voxels],0.119223 [18464 voxels],0.101249 [5640 voxels],0.108395 [5153 voxels],0.0979254 [79800 voxels],0.05983 [4273 voxels],0.106611 [6557 voxels],0.120815 [42295 voxels],0.0643016 [16349 voxels],0.204532 [3860 voxels],0.191301 [4695 voxels],0.205021 [5733 voxels],0.315367 [5822 voxels],0.173425 [13488 voxels],0.213194 [12635 voxels],0.113171 [13909 voxels],0.160496 [10811 voxels],0.131998 [21586 voxels],0.155913 [2746 voxels],0.172337 [14037 voxels],0.22175 [4974 voxels],0.234916 [2568 voxels],0.23081 [12617 voxels],0.0979445 [1547 voxels],0.0923935 [5553 voxels],0.088961 [5066 voxels],0.101051 [17093 voxels],0.0579985 [4478 voxels],0.178269 [1821 voxels],0.168728 [8200 voxels],0.172874 [3410 voxels],0.220223 [2076 voxels],0.243333 [1349 voxels],0.139261 [2056 voxels],0.289527 [275 voxels],0.0961784 [15981 voxels],0.0603396 [2377 voxels],0.091387 [3846 voxels],0.125257 [21246 voxels],0.164894 [23457 voxels],0.101933 [1096 voxels]
,,0.105066 [1979 voxels],0.0812983 [8826 voxels],0.0468311 [6190 voxels],0.0444777 [1665 voxels],0.0921336 [4262 voxels],0.0526102 [4819 voxels],0.107557 [18464 voxels],0.0793861 [5640 voxels],0.062783 [5153 voxels],0.158242 [79800 voxels],0.0450256 [4273 voxels],0.0363676 [6557 voxels],0.0508279 [42295 voxels],0.032697 [16349 voxels],0.116434 [3860 voxels],0.211946 [4695 voxels],0.27837 [5733 voxels],0.292274 [5822 voxels],0.164893 [13488 voxels],0.192621 [12635 voxels],0.118903 [13909 voxels],0.136386 [10811 voxels],0.100953 [21586 voxels],0.0822469 [2746 voxels],0.195495 [14037 voxels],0.260898 [4974 voxels],0.266945 [2568 voxels],0.209334 [12617 voxels],0.0549516 [1547 voxels],0.140896 [5553 voxels],0.0884758 [5066 voxels],0.130781 [17093 voxels],0.0442392 [4478 voxels],0.159113 [1821 voxels],0.139826 [8200 voxels],0.0804841 [3410 voxels],0.27766 [2076 voxels],0.246239 [1349 voxels],0.0438527 [2056 voxels],0.225799 [275 voxels],0.113586 [15981 voxels],0.130004 [2377 voxels],0.11814 [3846 voxels],0.167455 [21246 voxels],0.253929 [23457 voxels],0.0757811 [1096 voxels]
,,0.054825 [1979 voxels],0.0457411 [8826 voxels],0.0445106 [6190 voxels],0.0609223 [1665 voxels],0.0738274 [4262 voxels],0.0475231 [4819 voxels],0.0557958 [18464 voxels],0.0443366 [5640 voxels],0.0369975 [5153 voxels],0.0427048 [79800 voxels],0.027088 [4273 voxels],0.0394218 [6557 voxels],0.0500033 [42295 voxels],0.0389213 [16349 voxels],0.155405 [3860 voxels],0.114495 [4695 voxels],0.129422 [5733 voxels],0.24933 [5822 voxels],0.0973691 [13488 voxels],0.158969 [12635 voxels],0.0762156 [13909 voxels],0.118543 [10811 voxels],0.0984247 [21586 voxels],0.1386 [2746 voxels],0.134671 [14037 voxels],0.245675 [4974 voxels],0.274375 [2568 voxels],0.238889 [12617 voxels],0.0924467 [1547 voxels],0.137834 [5553 voxels],0.120395 [5066 voxels],0.0362512 [17093 voxels],0.0555846 [4478 voxels],0.0699136 [1821 voxels],0.0995667 [8200 voxels],0.0917251 [3410 voxels],0.22094 [2076 voxels],0.195044 [1349 voxels],0.0750839 [2056 voxels],0.310783 [275 voxels],0.0459517 [15981 voxels],0.0387753 [2377 voxels],0.0229594 [3846 voxels],0.0740971 [21246 voxels],0.156025 [23457 voxels],0.0316486 [1096 voxels]
,,0.0779099 [1979 voxels],0.0771141 [8826 voxels],0.0882103 [6190 voxels],0.0189932 [1665 voxels],0.052919 [4262 voxels],0.0353984 [4819 voxels],0.156564 [18464 voxels],0.174047 [5640 voxels],0.104653 [5153 voxels],0.154158 [79800 voxels],0.0922378 [4273 voxels],0.0849748 [6557 voxels],0.136487 [42295 voxels],0.0670813 [16349 voxels],0.238911 [3860 voxels],0.212445 [4695 voxels],0.293143 [5733 voxels],0.247345 [5822 voxels],0.203376 [13488 voxels],0.264485 [12635 voxels],0.150541 [13909 voxels],0.182276 [10811 voxels],0.178621 [21586 voxels],0.152756 [2746 voxels],0.167376 [14037 voxels],0.218692 [4974 voxels],0.25237 [2568 voxels],0.257491 [12617 voxels],0.0914346 [1547 voxels],0.0966734 [5553 voxels],0.0702687 [5066 voxels],0.165813 [17093 voxels],0.0806153 [4478 voxels],0.198411 [1821 voxels],0.190075 [8200 voxels],0.193355 [3410 voxels],0.341535 [2076 voxels],0.27148 [1349 voxels],0.132025 [2056 voxels],0.448851 [275 voxels],0.145819 [15981 voxels],0.132311 [2377 voxels],0.132083 [3846 voxels],0.162418 [21246 voxels],0.228576 [23457 voxels],0.165906 [1096 voxels]
,,0.0927072 [1979 voxels],0.0589044 [8826 voxels],0.0555924 [6190 voxels],0.0551867 [1665 voxels],0.0238972 [4262 voxels],0.0392544 [4819 voxels],0.124131 [18464 voxels],0.178293 [5640 voxels],0.0812217 [5153 voxels],0.116562 [79800 voxels],0.0707834 [4273 voxels],0.0498441 [6557 voxels],0.108207 [42295 voxels],0.0554422 [16349 voxels],0.22356 [3860 voxels],0.172261 [4695 voxels],0.251672 [5733 voxels],0.349066 [5822 voxels],0.138379 [13488 voxels],0.231457 [12635 voxels],0.085401 [13909 voxels],0.207386 [10811 voxels],0.216932 [21586 voxels],0.214525 [2746 voxels],0.162563 [14037 voxels],0.291722 [4974 voxels],0.24974 [2568 voxels],0.2531 [12617 voxels],0.0786382 [1547 voxels],0.0740782 [5553 voxels],0.0986784 [5066 voxels],0.130277 [17093 voxels],0.0695395 [4478 voxels],0.125408 [1821 voxels],0.103573 [8200 voxels],0.142157 [3410 voxels],0.139606 [2076 voxels],0.221358 [1349 voxels],0.106065 [2056 voxels],0.294663 [275 voxels],0.122992 [15981 voxels],0.142789 [2377 voxels],0.095714 [3846 voxels],0.143701 [21246 voxels],0.177311 [23457 voxels],0.0806147 [1096 voxels]
,,0.060526 [1979 voxels],0.0900858 [8826 voxels],0.0435384 [6190 voxels],0.074218 [1665 voxels],0.0392359 [4262 voxels],0.070456 [4819 voxels],0.129925 [18464 voxels],0.119518 [5640 voxels],0.0475999 [5153 voxels],0.132367 [79800 voxels],0.0742515 [4273 voxels],0.0676707 [6557 voxels],0.120916 [42295 voxels],0.0586518 [16349 voxels],0.162301 [3860 voxels],0.269126 [4695 voxels],0.236483 [5733 voxels],0.303399 [5822 voxels],0.252642 [13488 voxels],0.212471 [12635 voxels],0.148498 [13909 voxels],0.165355 [10811 voxels],0.185562 [21586 voxels],0.206566 [2746 voxels],0.186449 [14037 voxels],0.232131 [4974 voxels],0.219523 [2568 voxels],0.254137 [12617 voxels],0.0860146 [1547 voxels],0.093233 [5553 voxels],0.0761723 [5066 voxels],0.118774 [17093 voxels],0.0595517 [4478 voxels],0.192519 [1821 voxels],0.211295 [8200 voxels],0.149114 [3410 voxels],0.309489 [2076 voxels],0.306077 [1349 voxels],0.140545 [2056 voxels],0.333701 [275 voxels],0.107647 [15981 voxels],0.166271 [2377 voxels],0.0897122 [3846 voxels],0.138554 [21246 voxels],0.159365 [23457 voxels],0.194492 [1096 voxels]
,,0.0590965 [1979 voxels],0.0534424 [8826 voxels],0.0351993 [6190 voxels],0.0389941 [1665 voxels],0.0277411 [4262 voxels],0.0356832 [4819 voxels],0.121322 [18464 voxels],0.0925573 [5640 voxels],0.0562249 [5153 voxels],0.128327 [79800 voxels],0.0633822 [4273 voxels],0.0414583 [6557 voxels],0.048534 [42295 voxels],0.0312702 [16349 voxels],0.136944 [3860 voxels],0.206657 [4695 voxels],0.396459 [5733 voxels],0.302299 [5822 voxels],0.245521 [13488 voxels],0.264462 [12635 voxels],0.0775288 [13909 voxels],0.141883 [10811 voxels],0.106558 [21586 voxels],0.0838979 [2746 voxels],0.140586 [14037 voxels],0.218272 [4974 voxels],0.208724 [2568 voxels],0.220922 [12617 voxels],0.0792561 [1547 voxels],0.0649254 [5553 voxels],0.0584046 [5066 voxels],0.27 [17093 voxels],0.0485671 [4478 voxels],0.0935596 [1821 voxels],0.0989536 [8200 voxels],0.0906249 [3410 voxels],0.236864 [2076 voxels],0.16191 [1349 voxels],0.0681988 [2056 voxels],0.167468 [275 voxels],0.131912 [15981 voxels],0.09577 [2377 voxels],0.0900675 [3846 voxels],0.181372 [21246 voxels],0.157655 [23457 voxels],0.0407382 [1096 voxels]
,,0.0916827 [1979 voxels],0.0713734 [8826 voxels],0.0557245 [6190 voxels],0.0670819 [1665 voxels],0.0312361 [4262 voxels],0.0446915 [4819 voxels],0.140906 [18464 voxels],0.11798 [5640 voxels],0.0886936 [5153 voxels],0.123271 [79800 voxels],0.106589 [4273 voxels],0.083282 [6557 voxels],0.110507 [42295 voxels],0.0865002 [16349 voxels],0.16976 [3860 voxels],0.262074 [4695 voxels],0.202077 [5733 voxels],0.318434 [5822 voxels],0.188319 [13488 voxels],0.191115 [12635 voxels],0.109424 [13909 voxels],0.139624 [10811 voxels],0.148973 [21586 voxels],0.193291 [2746 voxels],0.174587 [14037 voxels],0.250266 [4974 voxels],0.162121 [2568 voxels],0.227952 [12617 voxels],0.0971687 [1547 voxels],0.0584577 [5553 voxels],0.064162 [5066 voxels],0.116028 [17093 voxels],0.0577514 [4478 voxels],0.14153 [1821 voxels],0.169865 [8200 voxels],0.182205 [3410 voxels],0.291202 [2076 voxels],0.242987 [1349 voxels],0.126826 [2056 voxels],0.222417 [275 voxels],0.084689 [15981 voxels],0.069444 [2377 voxels],0.11273 [3846 voxels],0.134722 [21246 voxels],0.19424 [23457 voxels],0.0744977 [1096 voxels]
,,0.0877117 [1979 voxels],0.0730234 [8826 voxels],0.0550448 [6190 voxels],0.0383283 [1665 voxels],0.0369018 [4262 voxels],0.0258942 [4819 voxels],0.129838 [18464 voxels],0.183889 [5640 voxels],0.0592716 [5153 voxels],0.129253 [79800 voxels],0.104159 [4273 voxels],0.0792858 [6557 voxels],0.135423 [42295 voxels],0.0645233 [16349 voxels],0.103527 [3860 voxels],0.208184 [4695 voxels],0.238905 [5733 voxels],0.345192 [5822 voxels],0.192914 [13488 voxels],0.214653 [12635 voxels],0.127903 [13909 voxels],0.182862 [10811 voxels],0.178615 [21586 voxels],0.170843 [2746 voxels],0.174246 [14037 voxels],0.26115 [4974 voxels],0.225259 [2568 voxels],0.231586 [12617 voxels],0.0799432 [1547 voxels],0.101569 [5553 voxels],0.117317 [5066 voxels],0.153321 [17093 voxels],0.0825339 [4478 voxels],0.127085 [1821 voxels],0.170592 [8200 voxels],0.177844 [3410 voxels],0.233818 [2076 voxels],0.197377 [1349 voxels],0.162347 [2056 voxels],0.300992 [275 voxels],0.162094 [15981 voxels],0.112803 [2377 voxels],0.0769746 [3846 voxels],0.158004 [21246 voxels],0.18053 [23457 voxels],0.0551119 [1096 voxels]
,,0.0722826 [1979 voxels],0.0671721 [8826 voxels],0.0510285 [6190 voxels],0.070548 [1665 voxels],0.0312681 [4262 voxels],0.0362897 [4819 voxels],0.172401 [18464 voxels],0.17167 [5640 voxels],0.109354 [5153 voxels],0.185656 [79800 voxels],0.0827804 [4273 voxels],0.110596 [6557 voxels],0.103284 [42295 voxels],0.058615 [16349 voxels],0.174689 [3860 voxels],0.261441 [4695 voxels],0.292005 [5733 voxels],0.278893 [5822 voxels],0.268638 [13488 voxels],0.279732 [12635 voxels],0.111079 [13909 voxels],0.169026 [10811 voxels],0.175841 [21586 voxels],0.163589 [2746 voxels],0.137557 [14037 voxels],0.195292 [4974 voxels],0.157313 [2568 voxels],0.200463 [12617 voxels],0.0371647 [1547 voxels],0.0541601 [5553 voxels],0.0535907 [5066 voxels],0.214933 [17093 voxels],0.0779509 [4478 voxels],0.114451 [1821 voxels],0.191284 [8200 voxels],0.168471 [3410 voxels],0.298546 [2076 voxels],0.232937 [1349 voxels],0.11466 [2056 voxels],0.223216 [275 voxels],0.176747 [15981 voxels],0.118949 [2377 voxels],0.139168 [3846 voxels],0.193785 [21246 voxels],0.201986 [23457 voxels],0.0434459 [1096 voxels]
,,0.0745324 [1979 voxels],0.0854558 [8826 voxels],0.0772621 [6190 voxels],0.0789156 [1665 voxels],0.0328626 [4262 voxels],0.0359151 [4819 voxels],0.132381 [18464 voxels],0.179743 [5640 voxels],0.0981085 [5153 voxels],0.107774 [79800 voxels],0.0615339 [4273 voxels],0.0599892 [6557 voxels],0.106577 [42295 voxels],0.0489534 [16349 voxels],0.19251 [3860 voxels],0.146633 [4695 voxels],0.363961 [5733 voxels],0.305664 [5822 voxels],0.237063 [13488 voxels],0.231982 [12635 voxels],0.107537 [13909 voxels],0.199246 [10811 voxels],0.167443 [21586 voxels],0.173258 [2746 voxels],0.177892 [14037 voxels],0.276503 [4974 voxels],0.251925 [2568 voxels],0.229534 [12617 voxels],0.135046 [1547 voxels],0.0910681 [5553 voxels],0.0529639 [5066 voxels],0.164329 [17093 voxels],0.0458014 [4478 voxels],0.162676 [1821 voxels],0.150209 [8200 voxels],0.170665 [3410 voxels],0.208681 [2076 voxels],0.265948 [1349 voxels],0.14283 [2056 voxels],0.372339 [275 voxels],0.103758 [15981 voxels],0.090594 [2377 voxels],0.0909086 [3846 voxels],0.172559 [21246 voxels],0.185951 [23457 voxels],0.0724869 [1096 voxels]
,,0.0886174 [1979 voxels],0.064484 [8826 voxels],0.064281 [6190 voxels],0.0655662 [1665 voxels],0.0587812 [4262 voxels],0.049323 [4819 voxels],0.151166 [18464 voxels],0.173188 [5640 voxels],0.0901479 [5153 voxels],0.177381 [79800 voxels],0.0607958 [4273 voxels],0.104695 [6557 voxels],0.120941 [42295 voxels],0.0853184 [16349 voxels],0.18156 [3860 voxels],0.203437 [4695 voxels],0.277667 [5733 voxels],0.27697 [5822 voxels],0.214369 [13488 voxels],0.201378 [12635 voxels],0.126327 [13909 voxels],0.187183 [10811 voxels],0.169711 [21586 voxels],0.117589 [2746 voxels],0.150434 [14037 voxels],0.297024 [4974 voxels],0.292888 [2568 voxels],0.350809 [12617 voxels],0.176174 [1547 voxels],0.0945245 [5553 voxels],0.0961933 [5066 voxels],0.183407 [17093 voxels],0.0956784 [4478 voxels],0.146089 [1821 voxels],0.200717 [8200 voxels],0.198907 [3410 voxels],0.266695 [2076 voxels],0.245958 [1349 voxels],0.160577 [2056 voxels],0.210021 [275 voxels],0.148487 [15981 voxels],0.0891361 [2377 voxels],0.143391 [3846 voxels],0.161262 [21246 voxels],0.19726 [23457 voxels],0.0540122 [1096 voxels]
,,0.0512985 [1979 voxels],0.0876735 [8826 voxels],0.0663291 [6190 voxels],0.065793 [1665 voxels],0.0663499 [4262 voxels],0.0449491 [4819 voxels],0.165651 [18464 voxels],0.161778 [5640 voxels],0.0810683 [5153 voxels],0.21898 [79800 voxels],0.0969023 [4273 voxels],0.10533 [6557 voxels],0.148248 [42295 voxels],0.0930485 [16349 voxels],0.143707 [3860 voxels],0.278851 [4695 voxels],0.307065 [5733 voxels],0.277591 [5822 voxels],0.257796 [13488 voxels],0.209995 [12635 voxels],0.0952365 [13909 voxels],0.145965 [10811 voxels],0.147237 [21586 voxels],0.218836 [2746 voxels],0.172782 [14037 voxels],0.226284 [4974 voxels],0.144707 [2568 voxels],0.211035 [12617 voxels],0.0540509 [1547 voxels],0.0490003 [5553 voxels],0.0502166 [5066 voxels],0.226675 [17093 voxels],0.0884056 [4478 voxels],0.149674 [1821 voxels],0.149963 [8200 voxels],0.162968 [3410 voxels],0.188322 [2076 voxels],0.269694 [1349 voxels],0.12508 [2056 voxels],0.230335 [275 voxels],0.19165 [15981 voxels],0.121337 [2377 voxels],0.130861 [3846 voxels],0.192089 [21246 voxels],0.168552 [23457 voxels],0.0690079 [1096 voxels]
,,0.0694932 [1979 voxels],0.0471805 [8826 voxels],0.0406916 [6190 voxels],0.0562112 [1665 voxels],0.0270845 [4262 voxels],0.0423682 [4819 voxels],0.106347 [18464 voxels],0.101814 [5640 voxels],0.0876115 [5153 voxels],0.0894933 [79800 voxels],0.0343373 [4273 voxels],0.0546125 [6557 voxels],0.0664581 [42295 voxels],0.041726 [16349 voxels],0.126732 [3860 voxels],0.181341 [4695 voxels],0.160733 [5733 voxels],0.306261 [5822 voxels],0.173502 [13488 voxels],0.136301 [12635 voxels],0.0777277 [13909 voxels],0.100988 [10811 voxels],0.0935585 [21586 voxels],0.127828 [2746 voxels],0.163617 [14037 voxels],0.29699 [4974 voxels],0.184568 [2568 voxels],0.179129 [12617 voxels],0.118761 [1547 voxels],0.0453163 [5553 voxels],0.0465819 [5066 voxels],0.110905 [17093 voxels],0.0357186 [4478 voxels],0.154531 [1821 voxels],0.150334 [8200 voxels],0.158495 [3410 voxels],0.13305 [2076 voxels],0.205257 [1349 voxels],0.129428 [2056 voxels],0.163473 [275 voxels],0.0937862 [15981 voxels],0.0920437 [2377 voxels],0.0844242 [3846 voxels],0.104851 [21246 voxels],0.170342 [23457 voxels],0.0580897 [1096 voxels]
,,0.109247 [1979 voxels],0.08426 [8826 voxels],0.0293117 [6190 voxels],0.0736933 [1665 voxels],0.0491261 [4262 voxels],0.0323172 [4819 voxels],0.154388 [18464 voxels],0.0889728 [5640 voxels],0.0838397 [5153 voxels],0.0877005 [79800 voxels],0.0744053 [4273 voxels],0.0560275 [6557 voxels],0.0753845 [42295 voxels],0.0517586 [16349 voxels],0.193543 [3860 voxels],0.175137 [4695 voxels],0.188896 [5733 voxels],0.30528 [5822 voxels],0.155381 [13488 voxels],0.182146 [12635 voxels],0.10906 [13909 voxels],0.151774 [10811 voxels],0.13583 [21586 voxels],0.251661 [2746 voxels],0.159463 [14037 voxels],0.220886 [4974 voxels],0.241928 [2568 voxels],0.223684 [12617 voxels],0.0179551 [1547 voxels],0.0921389 [5553 voxels],0.0864307 [5066 voxels],0.109202 [17093 voxels],0.0662598 [4478 voxels],0.0747026 [1821 voxels],0.141582 [8200 voxels],0.153161 [3410 voxels],0.210404 [2076 voxels],0.207554 [1349 voxels],0.0887746 [2056 voxels],0.200719 [275 voxels],0.0736362 [15981 voxels],0.0954185 [2377 voxels],0.0943645 [3846 voxels],0.130601 [21246 voxels],0.151571 [23457 voxels],0.0427351 [1096 voxels]
,,0.1042 [1979 voxels],0.0991995 [8826 voxels],0.0748736 [6190 voxels],0.0596432 [1665 voxels],0.035021 [4262 voxels],0.065858 [4819 voxels],0.140569 [18464 voxels],0.0861424 [5640 voxels],0.0840494 [5153 voxels],0.161869 [79800 voxels],0.0891563 [4273 voxels],0.0815647 [6557 voxels],0.111261 [42295 voxels],0.0589552 [16349 voxels],0.205704 [3860 voxels],0.279933 [4695 voxels],0.2487 [5733 voxels],0.359533 [5822 voxels],0.204963 [13488 voxels],0.267946 [12635 voxels],0.107216 [13909 voxels],0.147245 [10811 voxels],0.142206 [21586 voxels],0.19113 [2746 voxels],0.221351 [14037 voxels],0.26001 [4974 voxels],0.202256 [2568 voxels],0.218724 [12617 voxels],0.0992777 [1547 voxels],0.0582002 [5553 voxels],0.0780687 [5066 voxels],0.150564 [17093 voxels],0.0711954 [4478 voxels],0.136766 [1821 voxels],0.185891 [8200 voxels],0.180852 [3410 voxels],0.266871 [2076 voxels],0.273274 [1349 voxels],0.149777 [2056 voxels],0.195827 [275 voxels],0.131503 [15981 voxels],0.149163 [2377 voxels],0.0884455 [3846 voxels],0.153003 [21246 voxels],0.179314 [23457 voxels],0.0550567 [1096 voxels]
,,0.0499469 [1979 voxels],0.0631914 [8826 voxels],0.047162 [6190 voxels],0.0237208 [1665 voxels],0.0491976 [4262 voxels],0.0411541 [4819 voxels],0.0957674 [18464 voxels],0.112159 [5640 voxels],0.0495723 [5153 voxels],0.0845618 [79800 voxels],0.0509122 [4273 voxels],0.0865562 [6557 voxels],0.102486 [42295 voxels],0.0534033 [16349 voxels],0.16337 [3860 voxels],0.172826 [4695 voxels],0.167063 [5733 voxels],0.293676 [5822 voxels],0.137434 [13488 voxels],0.157102 [12635 voxels],0.0969572 [13909 voxels],0.128761 [10811 voxels],0.108094 [21586 voxels],0.142124 [2746 voxels],0.156722 [14037 voxels],0.251615 [4974 voxels],0.151473 [2568 voxels],0.164656 [12617 voxels],0.0568348 [1547 voxels],0.075711 [5553 voxels],0.0685843 [5066 voxels],0.0949626 [17093 voxels],0.0727955 [4478 voxels],0.174304 [1821 voxels],0.155032 [8200 voxels],0.154423 [3410 voxels],0.154314 [2076 voxels],0.220013 [1349 voxels],0.139537 [2056 voxels],0.18546 [275 voxels],0.072804 [15981 voxels],0.122267 [2377 voxels],0.0775321 [3846 voxels],0.105973 [21246 voxels],0.170148 [23457 voxels],0.0678313 [1096 voxels]
,,0.0862524 [1979 voxels],0.0814802 [8826 voxels],0.0814482 [6190 voxels],0.0642176 [1665 voxels],0.0430623 [4262 voxels],0.0574458 [4819 voxels],0.138449 [18464 voxels],0.135987 [5640 voxels],0.105771 [5153 voxels],0.175517 [79800 voxels],0.113112 [4273 voxels],0.0968444 [6557 voxels],0.132339 [42295 voxels],0.0625622 [16349 voxels],0.128894 [3860 voxels],0.152634 [4695 voxels],0.249168 [5733 voxels],0.227873 [5822 voxels],0.208567 [13488 voxels],0.186968 [12635 voxels],0.0758788 [13909 voxels],0.140526 [10811 voxels],0.146507 [21586 voxels],0.175064 [2746 voxels],0.105099 [14037 voxels],0.21337 [4974 voxels],0.134796 [2568 voxels],0.194459 [12617 voxels],0.0409643 [1547 voxels],0.0604548 [5553 voxels],0.0741343 [5066 voxels],0.187799 [17093 voxels],0.062003 [4478 voxels],0.136045 [1821 voxels],0.15279 [8200 voxels],0.15597 [3410 voxels],0.150246 [2076 voxels],0.180758 [1349 voxels],0.129633 [2056 voxels],0.262351 [275 voxels],0.125111 [15981 voxels],0.0791652 [2377 voxels],0.102 [3846 voxels],0.140068 [21246 voxels],0.125739 [23457 voxels],0.0731768 [1096 voxels]
,,0.0968513 [1979 voxels],0.0692683 [8826 voxels],0.0637163 [6190 voxels],0.0692874 [1665 voxels],0.0440982 [4262 voxels],0.0276757 [4819 voxels],0.169041 [18464 voxels],0.130009 [5640 voxels],0.0759648 [5153 voxels],0.207945 [79800 voxels],0.0770522 [4273 voxels],0.0527493 [6557 voxels],0.051196 [42295 voxels],0.0416557 [16349 voxels],0.025619 [3860 voxels],0.296319 [4695 voxels],0.346006 [5733 voxels],0.246783 [5822 voxels],0.227951 [13488 voxels],0.19832 [12635 voxels],0.0849013 [13909 voxels],0.116102 [10811 voxels],0.0924835 [21586 voxels],0.121045 [2746 voxels],0.171185 [14037 voxels],0.223017 [4974 voxels],0.179322 [2568 voxels],0.159383 [12617 voxels],0.128843 [1547 voxels],0.0443487 [5553 voxels],0.0422668 [5066 voxels],0.225756 [17093 voxels],0.0292817 [4478 voxels],0.102324 [1821 voxels],0.153907 [8200 voxels],0.0911494 [3410 voxels],0.214276 [2076 voxels],0.171881 [1349 voxels],0.0647162 [2056 voxels],0.290071 [275 voxels],0.193414 [15981 voxels],0.164285 [2377 voxels],0.129439 [3846 voxels],0.180927 [21246 voxels],0.251184 [23457 voxels],0.076032 [1096 voxels]
,,0.0788893 [1979 voxels],0.0850808 [8826 voxels],0.0642409 [6190 voxels],0.050084 [1665 voxels],0.0396333 [4262 voxels],0.0527157 [4819 voxels],0.119667 [18464 voxels],0.118412 [5640 voxels],0.106852 [5153 voxels],0.103816 [79800 voxels],0.0764022 [4273 voxels],0.09573 [6557 voxels],0.114846 [42295 voxels],0.0594207 [16349 voxels],0.228003 [3860 voxels],0.293483 [4695 voxels],0.262682 [5733 voxels],0.351423 [5822 voxels],0.274382 [13488 voxels],0.28913 [12635 voxels],0.143443 [13909 voxels],0.180564 [10811 voxels],0.165603 [21586 voxels],0.204919 [2746 voxels],0.215995 [14037 voxels],0.289644 [4974 voxels],0.251548 [2568 voxels],0.274879 [12617 voxels],0.11582 [1547 voxels],0.11303 [5553 voxels],0.124177 [5066 voxels],0.126083 [17093 voxels],0.104734 [4478 voxels],0.201066 [1821 voxels],0.28291 [8200 voxels],0.194255 [3410 voxels],0.338924 [2076 voxels],0.291081 [1349 voxels],0.15182 [2056 voxels],0.349455 [275 voxels],0.0986204 [15981 voxels],0.0965229 [2377 voxels],0.139705 [3846 voxels],0.146039 [21246 voxels],0.17623 [23457 voxels],0.111362 [1096 voxels]
,,0.0703486 [1979 voxels],0.0921934 [8826 voxels],0.0426909 [6190 voxels],0.0292519 [1665 voxels],0.0476761 [4262 voxels],0.0533032 [4819 voxels],0.130075 [18464 voxels],0.123976 [5640 voxels],0.0708843 [5153 voxels],0.108105 [79800 voxels],0.0865036 [4273 voxels],0.0600155 [6557 voxels],0.0987006 [42295 voxels],0.0636669 [16349 voxels],0.193358 [3860 voxels],0.178439 [4695 voxels],0.277862 [5733 voxels],0.286441 [5822 voxels],0.176883 [13488 voxels],0.193486 [12635 voxels],0.113546 [13909 voxels],0.138247 [10811 voxels],0.149967 [21586 voxels],0.138403 [2746 voxels],0.153469 [14037 voxels],0.268056 [4974 voxels],0.186325 [2568 voxels],0.180275 [12617 voxels],0.0765248 [1547 voxels],0.0613 [5553 voxels],0.0438218 [5066 voxels],0.138904 [17093 voxels],0.0543893 [4478 voxels],0.087558 [1821 voxels],0.124626 [8200 voxels],0.135205 [3410 voxels],0.303534 [2076 voxels],0.238972 [1349 voxels],0.115705 [2056 voxels],0.307175 [275 voxels],0.0966933 [15981 voxels],0.0762094 [2377 voxels],0.108935 [3846 voxels],0.151992 [21246 voxels],0.181654 [23457 voxels],0.135405 [1096 voxels]
,,0.0555393 [1979 voxels],0.0943928 [8826 voxels],0.0860589 [6190 voxels],0.0349554 [1665 voxels],0.0465962 [4262 voxels],0.0349346 [4819 voxels],0.104235 [18464 voxels],0.0528194 [5640 voxels],0.074345 [5153 voxels],0.108026 [79800 voxels],0.0730076 [4273 voxels],0.0607305 [6557 voxels],0.0756921 [42295 voxels],0.0447097 [16349 voxels],0.114994 [3860 voxels],0.207522 [4695 voxels],0.103663 [5733 voxels],0.28461 [5822 voxels],0.160749 [13488 voxels],0.183977 [12635 voxels],0.112869 [13909 voxels],0.125528 [10811 voxels],0.108452 [21586 voxels],0.101299 [2746 voxels],0.156372 [14037 voxels],0.229324 [4974 voxels],0.169014 [2568 voxels],0.176663 [12617 voxels],0.0163247 [1547 voxels],0.0514147 [5553 voxels],0.0529266 [5066 voxels],0.0818923 [17093 voxels],0.0597999 [4478 voxels],0.184631 [1821 voxels],0.193067 [8200 voxels],0.184974 [3410 voxels],0.259213 [2076 voxels],0.274105 [1349 voxels],0.175778 [2056 voxels],0.194539 [275 voxels],0.0825764 [15981 voxels],0.0641959 [2377 voxels],0.0939995 [3846 voxels],0.10075 [21246 voxels],0.200775 [23457 voxels],0.0800923 [1096 voxels]
,,0.0525688 [1979 voxels],0.065302 [8826 voxels],0.0712723 [6190 voxels],0.0670976 [1665 voxels],0.0424773 [4262 voxels],0.0398142 [4819 voxels],0.140671 [18464 voxels],0.098651 [5640 voxels],0.0696282 [5153 voxels],0.14564 [79800 voxels],0.0736384 [4273 voxels],0.0984008 [6557 voxels],0.0914287 [42295 voxels],0.0477601 [16349 voxels],0.100413 [3860 voxels],0.302158 [4695 voxels],0.175456 [5733 voxels],0.340955 [5822 voxels],0.213769 [13488 voxels],0.204279 [12635 voxels],0.140589 [13909 voxels],0.156074 [10811 voxels],0.0954602 [21586 voxels],0.0814806 [2746 voxels],0.230923 [14037 voxels],0.271698 [4974 voxels],0.197263 [2568 voxels],0.165154 [12617 voxels],0.0953568 [1547 voxels],0.0757033 [5553 voxels],0.067402 [5066 voxels],0.107159 [17093 voxels],0.0678002 [4478 voxels],0.241307 [1821 voxels],0.215931 [8200 voxels],0.18722 [3410 voxels],0.294684 [2076 voxels],0.30224 [1349 voxels],0.160941 [2056 voxels],0.27179 [275 voxels],0.138366 [15981 voxels],0.108077 [2377 voxels],0.152366 [3846 voxels],0.114154 [21246 voxels],0.189104 [23457 voxels],0.13207 [1096 voxels]
,,0.065341 [1979 voxels],0.100173 [8826 voxels],0.061581 [6190 voxels],0.0415488 [1665 voxels],0.0436564 [4262 voxels],0.0594733 [4819 voxels],0.153993 [18464 voxels],0.12534 [5640 voxels],0.0771297 [5153 voxels],0.128779 [79800 voxels],0.106125 [4273 voxels],0.0749117 [6557 voxels],0.104766 [42295 voxels],0.074551 [16349 voxels],0.230068 [3860 voxels],0.185367 [4695 voxels],0.265009 [5733 voxels],0.260831 [5822 voxels],0.198554 [13488 voxels],0.22656 [12635 voxels],0.103909 [13909 voxels],0.171783 [10811 voxels],0.178961 [21586 voxels],0.124371 [2746 voxels],0.176097 [14037 voxels],0.268385 [4974 voxels],0.217804 [2568 voxels],0.255222 [12617 voxels],0.0659527 [1547 voxels],0.0723458 [5553 voxels],0.108855 [5066 voxels],0.155949 [17093 voxels],0.0988888 [4478 voxels],0.167184 [1821 voxels],0.193882 [8200 voxels],0.114376 [3410 voxels],0.283683 [2076 voxels],0.268219 [1349 voxels],0.0964464 [2056 voxels],0.222732 [275 voxels],0.148813 [15981 voxels],0.0883542 [2377 voxels],0.124821 [3846 voxels],0.170334 [21246 voxels],0.161301 [23457 voxels],0.0671022 [1096 voxels]
,,0.0770664 [1979 voxels],0.0887003 [8826 voxels],0.0385545 [6190 voxels],0.0302199 [1665 voxels],0.0462901 [4262 voxels],0.0510945 [4819 voxels],0.131451 [18464 voxels],0.139211 [5640 voxels],0.108 [5153 voxels],0.123362 [79800 voxels],0.103272 [4273 voxels],0.0832386 [6557 voxels],0.0840608 [42295 voxels],0.0414109 [16349 voxels],0.202236 [3860 voxels],0.215268 [4695 voxels],0.285101 [5733 voxels],0.307703 [5822 voxels],0.242953 [13488 voxels],0.251083 [12635 voxels],0.126 [13909 voxels],0.168655 [10811 voxels],0.143788 [21586 voxels],0.20122 [2746 voxels],0.194934 [14037 voxels],0.27336 [4974 voxels],0.245448 [2568 voxels],0.253317 [12617 voxels],0.0604686 [1547 voxels],0.0961025 [5553 voxels],0.107555 [5066 voxels],0.13975 [17093 voxels],0.0605218 [4478 voxels],0.186258 [1821 voxels],0.205957 [8200 voxels],0.152178 [3410 voxels],0.280728 [2076 voxels],0.209909 [1349 voxels],0.141614 [2056 voxels],0.25981 [275 voxels],0.125032 [15981 voxels],0.119734 [2377 voxels],0.119644 [3846 voxels],0.14401 [21246 voxels],0.153035 [23457 voxels],0.0519877 [1096 voxels]
,,0.103174 [1979 voxels],0.0804624 [8826 voxels],0.0770899 [6190 voxels],0.00980206 [1665 voxels],0.027941 [4262 voxels],0.0281087 [4819 voxels],0.0976915 [18464 voxels],0.0703513 [5640 voxels],0.0476636 [5153 voxels],0.0972724 [79800 voxels],0.0387201 [4273 voxels],0.0394638 [6557 voxels],0.0540721 [42295 voxels],0.0495232 [16349 voxels],0.116906 [3860 voxels],0.154079 [4695 voxels],0.247814 [5733 voxels],0.312593 [5822 voxels],0.199226 [13488 voxels],0.231906 [12635 voxels],0.098811 [13909 voxels],0.137507 [10811 voxels],0.110222 [21586 voxels],0.13145 [2746 voxels],0.166051 [14037 voxels],0.202737 [4974 voxels],0.193021 [2568 voxels],0.19767 [12617 voxels],0.0123049 [1547 voxels],0.0525133 [5553 voxels],0.0644451 [5066 voxels],0.118752 [17093 voxels],0.036637 [4478 voxels],0.121921 [1821 voxels],0.148328 [8200 voxels],0.107308 [3410 voxels],0.268735 [2076 voxels],0.298033 [1349 voxels],0.10669 [2056 voxels],0.31848 [275 voxels],0.104783 [15981 voxels],0.0555399 [2377 voxels],0.0828181 [3846 voxels],0.132174 [21246 voxels],0.181794 [23457 voxels],0.0468602 [1096 voxels]
,,0.101362 [1979 voxels],0.0733633 [8826 voxels],0.0695934 [6190 voxels],0.0241288 [1665 voxels],0.0416365 [4262 voxels],0.0573001 [4819 voxels],0.142567 [18464 voxels],0.112118 [5640 voxels],0.0871009 [5153 voxels],0.103851 [79800 voxels],0.0811785 [4273 voxels],0.0741811 [6557 voxels],0.10183 [42295 voxels],0.0588482 [16349 voxels],0.199399 [3860 voxels],0.323193 [4695 voxels],0.22335 [5733 voxels],0.309724 [5822 voxels],0.196372 [13488 voxels],0.230391 [12635 voxels],0.107922 [13909 voxels],0.132151 [10811 voxels],0.134721 [21586 voxels],0.191985 [2746 voxels],0.171944 [14037 voxels],0.232581 [4974 voxels],0.195797 [2568 voxels],0.292583 [12617 voxels],0.0305984 [1547 voxels],0.0921406 [5553 voxels],0.105667 [5066 voxels],0.100156 [17093 voxels],0.0776526 [4478 voxels],0.137546 [1821 voxels],0.160524 [8200 voxels],0.137819 [3410 voxels],0.277179 [2076 voxels],0.297382 [1349 voxels],0.174709 [2056 voxels],0.322658 [275 voxels],0.109704 [15981 voxels],0.103269 [2377 voxels],0.123051 [3846 voxels],0.137943 [21246 voxels],0.149363 [23457 voxels],0.0237077 [1096 voxels]
,,0.116041 [1979 voxels],0.0612502 [8826 voxels],0.0560778 [6190 voxels],0.0493412 [1665 voxels],0.0544099 [4262 voxels],0.0389821 [4819 voxels],0.148277 [18464 voxels],0.135958 [5640 voxels],0.0929153 [5153 voxels],0.155144 [79800 voxels],0.0490428 [4273 voxels],0.0759387 [6557 voxels],0.0902696 [42295 voxels],0.0541947 [16349 voxels],0.170615 [3860 voxels],0.239805 [4695 voxels],0.26405 [5733 voxels],0.382581 [5822 voxels],0.20212 [13488 voxels],0.191456 [12635 voxels],0.136902 [13909 voxels],0.15028 [10811 voxels],0.145247 [21586 voxels],0.114515 [2746 voxels],0.224312 [14037 voxels],0.210338 [4974 voxels],0.151794 [2568 voxels],0.198755 [12617 voxels],0.0420394 [1547 voxels],0.084271 [5553 voxels],0.0535426 [5066 voxels],0.150038 [17093 voxels],0.0650749 [4478 voxels],0.126562 [1821 voxels],0.182413 [8200 voxels],0.1652 [3410 voxels],0.274274 [2076 voxels],0.260447 [1349 voxels],0.146944 [2056 voxels],0.0878653 [275 voxels],0.14712 [15981 voxels],0.139484 [2377 voxels],0.115519 [3846 voxels],0.156307 [21246 voxels],0.187332 [23457 voxels],0.0359039 [1096 voxels]
,,0.186817 [1979 voxels],0.116476 [8826 voxels],0.0616238 [6190 voxels],0.0442948 [1665 voxels],0.0787251 [4262 voxels],0.0575953 [4819 voxels],0.178956 [18464 voxels],0.165288 [5640 voxels],0.110349 [5153 voxels],0.189002 [79800 voxels],0.143868 [4273 voxels],0.0578727 [6557 voxels],0.0951418 [42295 voxels],0.0459362 [16349 voxels],0.126436 [3860 voxels],0.33043 [4695 voxels],0.341109 [5733 voxels],0.307025 [5822 voxels],0.311127 [13488 voxels],0.330772 [12635 voxels],0.161193 [13909 voxels],0.1856 [10811 voxels],0.169138 [21586 voxels],0.152166 [2746 voxels],0.247863 [14037 voxels],0.229312 [4974 voxels],0.231839 [2568 voxels],0.25261 [12617 voxels],0.0799097 [1547 voxels],0.108819 [5553 voxels],0.100745 [5066 voxels],0.18638 [17093 voxels],0.0683157 [4478 voxels],0.259213 [1821 voxels],0.252347 [8200 voxels],0.145673 [3410 voxels],0.401094 [2076 voxels],0.298349 [1349 voxels],0.220872 [2056 voxels],0.280906 [275 voxels],0.163968 [15981 voxels],0.200834 [2377 voxels],0.178567 [3846 voxels],0.188182 [21246 voxels],0.263382 [23457 voxels],0.0909543 [1096 voxels]
,,0.0736558 [1979 voxels],0.0777591 [8826 voxels],0.053764 [6190 voxels],0.0652836 [1665 voxels],0.0419335 [4262 voxels],0.0602523 [4819 voxels],0.116685 [18464 voxels],0.104262 [5640 voxels],0.0623814 [5153 voxels],0.116041 [79800 voxels],0.0667757 [4273 voxels],0.0493693 [6557 voxels],0.0663584 [42295 voxels],0.0582987 [16349 voxels],0.129571 [3860 voxels],0.189649 [4695 voxels],0.293742 [5733 voxels],0.265761 [5822 voxels],0.199204 [13488 voxels],0.234033 [12635 voxels],0.107352 [13909 voxels],0.181323 [10811 voxels],0.129789 [21586 voxels],0.153748 [2746 voxels],0.156323 [14037 voxels],0.250423 [4974 voxels],0.198349 [2568 voxels],0.205772 [12617 voxels],0.127856 [1547 voxels],0.0625804 [5553 voxels],0.0548583 [5066 voxels],0.142115 [17093 voxels],0.0839468 [4478 voxels],0.0969786 [1821 voxels],0.15089 [8200 voxels],0.124262 [3410 voxels],0.25057 [2076 voxels],0.240141 [1349 voxels],0.115283 [2056 voxels],0.19735 [275 voxels],0.121081 [15981 voxels],0.0922768 [2377 voxels],0.0945041 [3846 voxels],0.130722 [21246 voxels],0.195909 [23457 voxels],0.0858549 [1096 voxels]
,,0.0965769 [1979 voxels],0.104782 [8826 voxels],0.0743629 [6190 voxels],0.0546932 [1665 voxels],0.0746035 [4262 voxels],0.060307 [4819 voxels],0.132007 [18464 voxels],0.124791 [5640 voxels],0.0854988 [5153 voxels],0.112128 [79800 voxels],0.0930134 [4273 voxels],0.107565 [6557 voxels],0.155361 [42295 voxels],0.0772296 [16349 voxels],0.20152 [3860 voxels],0.182494 [4695 voxels],0.228583 [5733 voxels],0.252713 [5822 voxels],0.181265 [13488 voxels],0.190446 [12635 voxels],0.13162 [13909 voxels],0.156431 [10811 voxels],0.151273 [21586 voxels],0.257118 [2746 voxels],0.176418 [14037 voxels],0.213508 [4974 voxels],0.174433 [2568 voxels],0.257986 [12617 voxels],0.051902 [1547 voxels],0.085529 [5553 voxels],0.0735522 [5066 voxels],0.122365 [17093 voxels],0.0950114 [4478 voxels],0.245739 [1821 voxels],0.257678 [8200 voxels],0.246313 [3410 voxels],0.255534 [2076 voxels],0.35734 [1349 voxels],0.184131 [2056 voxels],0.411261 [275 voxels],0.126138 [15981 voxels],0.106814 [2377 voxels],0.141626 [3846 voxels],0.139357 [21246 voxels],0.195844 [23457 voxels],0.0658815 [1096 voxels]
,,0.0907885 [1979 voxels],0.0574619 [8826 voxels],0.0467663 [6190 voxels],0.0293843 [1665 voxels],0.0212938 [4262 voxels],0.0325504 [4819 voxels],0.105306 [18464 voxels],0.0964734 [5640 voxels],0.043158 [5153 voxels],0.116556 [79800 voxels],0.0505018 [4273 voxels],0.0543626 [6557 voxels],0.0680173 [42295 voxels],0.039539 [16349 voxels],0.0636611 [3860 voxels],0.177508 [4695 voxels],0.195749 [5733 voxels],0.289856 [5822 voxels],0.166796 [13488 voxels],0.171576 [12635 voxels],0.100011 [13909 voxels],0.120473 [10811 voxels],0.108957 [21586 voxels],0.137753 [2746 voxels],0.165905 [14037 voxels],0.285186 [4974 voxels],0.176461 [2568 voxels],0.198736 [12617 voxels],0.0354492 [1547 voxels],0.0585228 [5553 voxels],0.0609177 [5066 voxels],0.121068 [17093 voxels],0.0401924 [4478 voxels],0.141867 [1821 voxels],0.17797 [8200 voxels],0.106649 [3410 voxels],0.210035 [2076 voxels],0.153184 [1349 voxels],0.0724743 [2056 voxels],0.13147 [275 voxels],0.103536 [15981 voxels],0.10136 [2377 voxels],0.112295 [3846 voxels],0.152448 [21246 voxels],0.178154 [23457 voxels],0.0597809 [1096 voxels]
,,0.0562397 [1979 voxels],0.0570393 [8826 voxels],0.0481781 [6190 voxels],0.041205 [1665 voxels],0.04682 [4262 voxels],0.0484011 [4819 voxels],0.12174 [18464 voxels],0.162895 [5640 voxels],0.116267 [5153 voxels],0.113939 [79800 voxels],0.128646 [4273 voxels],0.105193 [6557 voxels],0.101535 [42295 voxels],0.0725588 [16349 voxels],0.151391 [3860 voxels],0.197268 [4695 voxels],0.230862 [5733 voxels],0.334629 [5822 voxels],0.166333 [13488 voxels],0.192321 [12635 voxels],0.101193 [13909 voxels],0.107383 [10811 voxels],0.0910339 [21586 voxels],0.065518 [2746 voxels],0.162566 [14037 voxels],0.233544 [4974 voxels],0.179573 [2568 voxels],0.167065 [12617 voxels],0.0815746 [1547 voxels],0.0604897 [5553 voxels],0.0691301 [5066 voxels],0.127054 [17093 voxels],0.0553257 [4478 voxels],0.15915 [1821 voxels],0.150223 [8200 voxels],0.175235 [3410 voxels],0.186816 [2076 voxels],0.263975 [1349 voxels],0.144828 [2056 voxels],0.24466 [275 voxels],0.137524 [15981 voxels],0.0889973 [2377 voxels],0.125339 [3846 voxels],0.12717 [21246 voxels],0.22355 [23457 voxels],0.0821616 [1096 voxels]
,,0.0697785 [1979 voxels],0.0714545 [8826 voxels],0.0632831 [6190 voxels],0.0280439 [1665 voxels],0.0371316 [4262 voxels],0.0266947 [4819 voxels],0.092023 [18464 voxels],0.066276 [5640 voxels],0.0583113 [5153 voxels],0.117938 [79800 voxels],0.0542299 [4273 voxels],0.0416033 [6557 voxels],0.0680011 [42295 voxels],0.0488815 [16349 voxels],0.155507 [3860 voxels],0.186257 [4695 voxels],0.294267 [5733 voxels],0.300199 [5822 voxels],0.187718 [13488 voxels],0.233525 [12635 voxels],0.102989 [13909 voxels],0.170789 [10811 voxels],0.127425 [21586 voxels],0.136385 [2746 voxels],0.1769 [14037 voxels],0.215504 [4974 voxels],0.145936 [2568 voxels],0.190457 [12617 voxels],0.0530381 [1547 voxels],0.0467985 [5553 voxels],0.0484601 [5066 voxels],0.117393 [17093 voxels],0.062139 [4478 voxels],0.156949 [1821 voxels],0.169611 [8200 voxels],0.149903 [3410 voxels],0.270115 [2076 voxels],0.166414 [1349 voxels],0.143148 [2056 voxels],0.346661 [275 voxels],0.117413 [15981 voxels],0.0920299 [2377 voxels],0.0705468 [3846 voxels],0.123187 [21246 voxels],0.183446 [23457 voxels],0.0799971 [1096 voxels]
,,0.098341 [1979 voxels],0.104779 [8826 voxels],0.108771 [6190 voxels],0.0776977 [1665 voxels],0.0442908 [4262 voxels],0.0501603 [4819 voxels],0.176387 [18464 voxels],0.141365 [5640 voxels],0.102447 [5153 voxels],0.183754 [79800 voxels],0.0737593 [4273 voxels],0.0785409 [6557 voxels],0.191388 [42295 voxels],0.118187 [16349 voxels],0.199319 [3860 voxels],0.338364 [4695 voxels],0.302384 [5733 voxels],0.295473 [5822 voxels],0.220253 [13488 voxels],0.281065 [12635 voxels],0.141176 [13909 voxels],0.217742 [10811 voxels],0.178543 [21586 voxels],0.252831 [2746 voxels],0.20586 [14037 voxels],0.247136 [4974 voxels],0.12091 [2568 voxels],0.219142 [12617 voxels],0.0649705 [1547 voxels],0.0511534 [5553 voxels],0.0588272 [5066 voxels],0.188957 [17093 voxels],0.0899028 [4478 voxels],0.164915 [1821 voxels],0.225334 [8200 voxels],0.174309 [3410 voxels],0.364071 [2076 voxels],0.305718 [1349 voxels],0.194517 [2056 voxels],0.317803 [275 voxels],0.176097 [15981 voxels],0.140452 [2377 voxels],0.146843 [3846 voxels],0.187694 [21246 voxels],0.208277 [23457 voxels],0.05107 [1096 voxels]
,,0.0630654 [1979 voxels],0.065322 [8826 voxels],0.0611393 [6190 voxels],0.0537244 [1665 voxels],0.0517113 [4262 voxels],0.0480654 [4819 voxels],0.105435 [18464 voxels],0.0530429 [5640 voxels],0.0792939 [5153 voxels],0.112853 [79800 voxels],0.044135 [4273 voxels],0.0525613 [6557 voxels],0.0783618 [42295 voxels],0.0548493 [16349 voxels],0.188131 [3860 voxels],0.216239 [4695 voxels],0.212958 [5733 voxels],0.352641 [5822 voxels],0.205671 [13488 voxels],0.226022 [12635 voxels],0.11264 [13909 voxels],0.174657 [10811 voxels],0.119267 [21586 voxels],0.125475 [2746 voxels],0.193564 [14037 voxels],0.194929 [4974 voxels],0.261384 [2568 voxels],0.255851 [12617 voxels],0.135911 [1547 voxels],0.0912899 [5553 voxels],0.0860703 [5066 voxels],0.131344 [17093 voxels],0.0682104 [4478 voxels],0.11219 [1821 voxels],0.168653 [8200 voxels],0.119866 [3410 voxels],0.196788 [2076 voxels],0.282116 [1349 voxels],0.0991692 [2056 voxels],0.38169 [275 voxels],0.123512 [15981 voxels],0.116224 [2377 voxels],0.117189 [3846 voxels],0.145818 [21246 voxels],0.166407 [23457 voxels],0.0585936 [1096 voxels]
,,0.045745 [1979 voxels],0.0708155 [8826 voxels],0.0629916 [6190 voxels],0.0367442 [1665 voxels],0.0237274 [4262 voxels],0.0367978 [4819 voxels],0.112979 [18464 voxels],0.0997664 [5640 voxels],0.0862776 [5153 voxels],0.108109 [79800 voxels],0.0905282 [4273 voxels],0.0740263 [6557 voxels],0.110836 [42295 voxels],0.0726002 [16349 voxels],0.147109 [3860 voxels],0.223384 [4695 voxels],0.218414 [5733 voxels],0.276064 [5822 voxels],0.178468 [13488 voxels],0.199417 [12635 voxels],0.10553 [13909 voxels],0.161793 [10811 voxels],0.149391 [21586 voxels],0.193173 [2746 voxels],0.159024 [14037 voxels],0.234027 [4974 voxels],0.188871 [2568 voxels],0.195169 [12617 voxels],0.0908176 [1547 voxels],0.061863 [5553 voxels],0.0539064 [5066 voxels],0.122365 [17093 voxels],0.0659547 [4478 voxels],0.131077 [1821 voxels],0.172571 [8200 voxels],0.176689 [3410 voxels],0.277874 [2076 voxels],0.247364 [1349 voxels],0.132762 [2056 voxels],0.29169 [275 voxels],0.0870703 [15981 voxels],0.0701012 [2377 voxels],0.122418 [3846 voxels],0.1382 [21246 voxels],0.177226 [23457 voxels],0.0544836 [1096 voxels]
,,0.0568397 [1979 voxels],0.10786 [8826 voxels],0.0862077 [6190 voxels],0.0359245 [1665 voxels],0.0452435 [4262 voxels],0.0689416 [4819 voxels],0.202528 [18464 voxels],0.184143 [5640 voxels],0.192067 [5153 voxels],0.165689 [79800 voxels],0.101573 [4273 voxels],0.145493 [6557 voxels],0.153191 [42295 voxels],0.112543 [16349 voxels],0.263321 [3860 voxels],0.280057 [4695 voxels],0.309161 [5733 voxels],0.293987 [5822 voxels],0.23446 [13488 voxels],0.255806 [12635 voxels],0.13266 [13909 voxels],0.185213 [10811 voxels],0.219992 [21586 voxels],0.15872 [2746 voxels],0.18355 [14037 voxels],0.225267 [4974 voxels],0.251223 [2568 voxels],0.242278 [12617 voxels],0.121153 [1547 voxels],0.113346 [5553 voxels],0.115523 [5066 voxels],0.213965 [17093 voxels],0.107495 [4478 voxels],0.151521 [1821 voxels],0.236891 [8200 voxels],0.258881 [3410 voxels],0.231106 [2076 voxels],0.32169 [1349 voxels],0.286035 [2056 voxels],0.277838 [275 voxels],0.15881 [15981 voxels],0.132604 [2377 voxels],0.171309 [3846 voxels],0.198995 [21246 voxels],0.182224 [23457 voxels],0.0685343 [1096 voxels]
,,0.0820107 [1979 voxels],0.0982846 [8826 voxels],0.0838442 [6190 voxels],0.0641389 [1665 voxels],0.0418375 [4262 voxels],0.0677598 [4819 voxels],0.173765 [18464 voxels],0.200182 [5640 voxels],0.135722 [5153 voxels],0.173007 [79800 voxels],0.188603 [4273 voxels],0.128865 [6557 voxels],0.124413 [42295 voxels],0.0779454 [16349 voxels],0.161066 [3860 voxels],0.215767 [4695 voxels],0.354593 [5733 voxels],0.304957 [5822 voxels],0.290811 [13488 voxels],0.231614 [12635 voxels],0.145786 [13909 voxels],0.193514 [10811 voxels],0.178439 [21586 voxels],0.115599 [2746 voxels],0.202092 [14037 voxels],0.252305 [4974 voxels],0.198033 [2568 voxels],0.218817 [12617 voxels],0.0604423 [1547 voxels],0.0815488 [5553 voxels],0.0997164 [5066 voxels],0.172556 [17093 voxels],0.079487 [4478 voxels],0.220005 [1821 voxels],0.20324 [8200 voxels],0.229835 [3410 voxels],0.275085 [2076 voxels],0.288011 [1349 voxels],0.169335 [2056 voxels],0.269387 [275 voxels],0.17534 [15981 voxels],0.148188 [2377 voxels],0.149939 [3846 voxels],0.19667 [21246 voxels],0.185763 [23457 voxels],0.10129 [1096 voxels]
,,0.106445 [1979 voxels],0.0785189 [8826 voxels],0.101459 [6190 voxels],0.0740249 [1665 voxels],0.0644233 [4262 voxels],0.0600484 [4819 voxels],0.177063 [18464 voxels],0.171107 [5640 voxels],0.112832 [5153 voxels],0.137764 [79800 voxels],0.0987588 [4273 voxels],0.108833 [6557 voxels],0.170116 [42295 voxels],0.0833407 [16349 voxels],0.279911 [3860 voxels],0.216795 [4695 voxels],0.358673 [5733 voxels],0.316767 [5822 voxels],0.244325 [13488 voxels],0.253309 [12635 voxels],0.119744 [13909 voxels],0.198439 [10811 voxels],0.201257 [21586 voxels],0.224292 [2746 voxels],0.22113 [14037 voxels],0.233743 [4974 voxels],0.22538 [2568 voxels],0.232175 [12617 voxels],0.077429 [1547 voxels],0.102547 [5553 voxels],0.113589 [5066 voxels],0.207665 [17093 voxels],0.0760043 [4478 voxels],0.132105 [1821 voxels],0.1801 [8200 voxels],0.18705 [3410 voxels],0.286324 [2076 voxels],0.275187 [1349 voxels],0.142177 [2056 voxels],0.44376 [275 voxels],0.16966 [15981 voxels],0.113007 [2377 voxels],0.159456 [3846 voxels],0.193094 [21246 voxels],0.195959 [23457 voxels],0.0668382 [1096 voxels]
,,0.104589 [1979 voxels],0.0829276 [8826 voxels],0.0851926 [6190 voxels],0.063301 [1665 voxels],0.0285362 [4262 voxels],0.0558496 [4819 voxels],0.14593 [18464 voxels],0.132899 [5640 voxels],0.140168 [5153 voxels],0.115109 [79800 voxels],0.104245 [4273 voxels],0.0746142 [6557 voxels],0.0924268 [42295 voxels],0.0623768 [16349 voxels],0.172664 [3860 voxels],0.201269 [4695 voxels],0.363617 [5733 voxels],0.227737 [5822 voxels],0.254213 [13488 voxels],0.196245 [12635 voxels],0.0974642 [13909 voxels],0.209503 [10811 voxels],0.165256 [21586 voxels],0.150262 [2746 voxels],0.132813 [14037 voxels],0.200014 [4974 voxels],0.160611 [2568 voxels],0.196335 [12617 voxels],0.0547697 [1547 voxels],0.0698883 [5553 voxels],0.0663107 [5066 voxels],0.229048 [17093 voxels],0.0896883 [4478 voxels],0.201564 [1821 voxels],0.19351 [8200 voxels],0.22401 [3410 voxels],0.209886 [2076 voxels],0.220415 [1349 voxels],0.134169 [2056 voxels],0.25831 [275 voxels],0.129587 [15981 voxels],0.0964975 [2377 voxels],0.098237 [3846 voxels],0.171011 [21246 voxels],0.150689 [23457 voxels],0.0536696 [1096 voxels]
