0 ICVF /mnt/chrastil/users/cossio/MLINDIV_young/Noddi_2025/atlas/HarvardOxford-cort-maxprob-thr50-1mm.nii.gz,10 ICVF /mnt/chrastil/users/cossio/MLINDIV_young/Noddi_2025/atlas/HarvardOxford-cort-maxprob-thr50-1mm.nii.gz,11 ICVF /mnt/chrastil/users/cossio/MLINDIV_young/Noddi_2025/atlas/HarvardOxford-cort-maxprob-thr50-1mm.nii.gz,12 ICVF /mnt/chrastil/users/cossio/MLINDIV_young/Noddi_2025/atlas/HarvardOxford-cort-maxprob-thr50-1mm.nii.gz,13 ICVF /mnt/chrastil/users/cossio/MLINDIV_young/Noddi_2025/atlas/HarvardOxford-cort-maxprob-thr50-1mm.nii.gz,14 ICVF /mnt/chrastil/users/cossio/MLINDIV_young/Noddi_2025/atlas/HarvardOxford-cort-maxprob-thr50-1mm.nii.gz,15 ICVF /mnt/chrastil/users/cossio/MLINDIV_young/Noddi_2025/atlas/HarvardOxford-cort-maxprob-thr50-1mm.nii.gz,16 ICVF /mnt/chrastil/users/cossio/MLINDIV_young/Noddi_2025/atlas/HarvardOxford-cort-maxprob-thr50-1mm.nii.gz,17 ICVF /mnt/chrastil/users/cossio/MLINDIV_young/Noddi_2025/atlas/HarvardOxford-cort-maxprob-thr50-1mm.nii.gz,18 ICVF /mnt/chrastil/users/cossio/MLINDIV_young/Noddi_2025/atlas/HarvardOxford-cort-maxprob-thr50-1mm.nii.gz,19 ICVF /mnt/chrastil/users/cossio/MLINDIV_young/Noddi_2025/atlas/HarvardOxford-cort-maxprob-thr50-1mm.nii.gz,1 ICVF /mnt/chrastil/users/cossio/MLINDIV_young/Noddi_2025/atlas/HarvardOxford-cort-maxprob-thr50-1mm.nii.gz,20 ICVF /mnt/chrastil/users/cossio/MLINDIV_young/Noddi_2025/atlas/HarvardOxford-cort-maxprob-thr50-1mm.nii.gz,21 ICVF /mnt/chrastil/users/cossio/MLINDIV_young/Noddi_2025/atlas/HarvardOxford-cort-maxprob-thr50-1mm.nii.gz,22 ICVF /mnt/chrastil/users/cossio/MLINDIV_young/Noddi_2025/atlas/HarvardOxford-cort-maxprob-thr50-1mm.nii.gz,23 ICVF /mnt/chrastil/users/cossio/MLINDIV_young/Noddi_2025/atlas/HarvardOxford-cort-maxprob-thr50-1mm.nii.gz,24 ICVF /mnt/chrastil/users/cossio/MLINDIV_young/Noddi_2025/atlas/HarvardOxford-cort-maxprob-thr50-1mm.nii.gz,25 ICVF /mnt/chrastil/users/cossio/MLINDIV_young/Noddi_2025/atlas/HarvardOxford-cort-maxprob-thr50-1mm.nii.gz,26 ICVF /mnt/chrastil/users/cossio/MLINDIV_young/Noddi_2025/atlas/HarvardOxford-cort-maxprob-thr50-1mm.nii.gz,27 ICVF /mnt/chrastil/users/cossio/MLINDIV_young/Noddi_2025/atlas/HarvardOxford-cort-maxprob-thr50-1mm.nii.gz,28 ICVF /mnt/chrastil/users/cossio/MLINDIV_young/Noddi_2025/atlas/HarvardOxford-cort-maxprob-thr50-1mm.nii.gz,29 ICVF /mnt/chrastil/users/cossio/MLINDIV_young/Noddi_2025/atlas/HarvardOxford-cort-maxprob-thr50-1mm.nii.gz,2 ICVF /mnt/chrastil/users/cossio/MLINDIV_young/Noddi_2025/atlas/HarvardOxford-cort-maxprob-thr50-1mm.nii.gz,30 ICVF /mnt/chrastil/users/cossio/MLINDIV_young/Noddi_2025/atlas/HarvardOxford-cort-maxprob-thr50-1mm.nii.gz,31 ICVF /mnt/chrastil/users/cossio/MLINDIV_young/Noddi_2025/atlas/HarvardOxford-cort-maxprob-thr50-1mm.nii.gz,32 ICVF /mnt/chrastil/users/cossio/MLINDIV_young/Noddi_2025/atlas/HarvardOxford-cort-maxprob-thr50-1mm.nii.gz,33 ICVF /mnt/chrastil/users/cossio/MLINDIV_young/Noddi_2025/atlas/HarvardOxford-cort-maxprob-thr50-1mm.nii.gz,34 ICVF /mnt/chrastil/users/cossio/MLINDIV_young/Noddi_2025/atlas/HarvardOxford-cort-maxprob-thr50-1mm.nii.gz,35 ICVF /mnt/chrastil/users/cossio/MLINDIV_young/Noddi_2025/atlas/HarvardOxford-cort-maxprob-thr50-1mm.nii.gz,36 ICVF /mnt/chrastil/users/cossio/MLINDIV_young/Noddi_2025/atlas/HarvardOxford-cort-maxprob-thr50-1mm.nii.gz,37 ICVF /mnt/chrastil/users/cossio/MLINDIV_young/Noddi_2025/atlas/HarvardOxford-cort-maxprob-thr50-1mm.nii.gz,38 ICVF /mnt/chrastil/users/cossio/MLINDIV_young/Noddi_2025/atlas/HarvardOxford-cort-maxprob-thr50-1mm.nii.gz,39 ICVF /mnt/chrastil/users/cossio/MLINDIV_young/Noddi_2025/atlas/HarvardOxford-cort-maxprob-thr50-1mm.nii.gz,3 ICVF /mnt/chrastil/users/cossio/MLINDIV_young/Noddi_2025/atlas/HarvardOxford-cort-maxprob-thr50-1mm.nii.gz,40 ICVF /mnt/chrastil/users/cossio/MLINDIV_young/Noddi_2025/atlas/HarvardOxford-cort-maxprob-thr50-1mm.nii.gz,41 ICVF /mnt/chrastil/users/cossio/MLINDIV_young/Noddi_2025/atlas/HarvardOxford-cort-maxprob-thr50-1mm.nii.gz,42 ICVF /mnt/chrastil/users/cossio/MLINDIV_young/Noddi_2025/atlas/HarvardOxford-cort-maxprob-thr50-1mm.nii.gz,43 ICVF /mnt/chrastil/users/cossio/MLINDIV_young/Noddi_2025/atlas/HarvardOxford-cort-maxprob-thr50-1mm.nii.gz,44 ICVF /mnt/chrastil/users/cossio/MLINDIV_young/Noddi_2025/atlas/HarvardOxford-cort-maxprob-thr50-1mm.nii.gz,45 ICVF /mnt/chrastil/users/cossio/MLINDIV_young/Noddi_2025/atlas/HarvardOxford-cort-maxprob-thr50-1mm.nii.gz,46 ICVF /mnt/chrastil/users/cossio/MLINDIV_young/Noddi_2025/atlas/HarvardOxford-cort-maxprob-thr50-1mm.nii.gz,47 ICVF /mnt/chrastil/users/cossio/MLINDIV_young/Noddi_2025/atlas/HarvardOxford-cort-maxprob-thr50-1mm.nii.gz,4 ICVF /mnt/chrastil/users/cossio/MLINDIV_young/Noddi_2025/atlas/HarvardOxford-cort-maxprob-thr50-1mm.nii.gz,5 ICVF /mnt/chrastil/users/cossio/MLINDIV_young/Noddi_2025/atlas/HarvardOxford-cort-maxprob-thr50-1mm.nii.gz,6 ICVF /mnt/chrastil/users/cossio/MLINDIV_young/Noddi_2025/atlas/HarvardOxford-cort-maxprob-thr50-1mm.nii.gz,7 ICVF /mnt/chrastil/users/cossio/MLINDIV_young/Noddi_2025/atlas/HarvardOxford-cort-maxprob-thr50-1mm.nii.gz,8 ICVF /mnt/chrastil/users/cossio/MLINDIV_young/Noddi_2025/atlas/HarvardOxford-cort-maxprob-thr50-1mm.nii.gz,9 ICVF /mnt/chrastil/users/cossio/MLINDIV_young/Noddi_2025/atlas/HarvardOxford-cort-maxprob-thr50-1mm.nii.gz
,,0.262914 [1979 voxels],0.294316 [8826 voxels],0.307377 [6190 voxels],0.316304 [1665 voxels],0.318524 [4262 voxels],0.35337 [4819 voxels],0.363212 [18464 voxels],0.324221 [5640 voxels],0.308355 [5153 voxels],0.306279 [79800 voxels],0.286082 [4273 voxels],0.302898 [6557 voxels],0.30501 [42295 voxels],0.317535 [16349 voxels],0.356213 [3860 voxels],0.324958 [4695 voxels],0.375389 [5733 voxels],0.645085 [5822 voxels],0.302937 [13488 voxels],0.362512 [12635 voxels],0.325308 [13909 voxels],0.392622 [10811 voxels],0.327505 [21586 voxels],0.38557 [2746 voxels],0.438053 [14037 voxels],0.510042 [4974 voxels],0.516139 [2568 voxels],0.419083 [12617 voxels],0.312411 [1547 voxels],0.383822 [5553 voxels],0.371278 [5066 voxels],0.326662 [17093 voxels],0.357139 [4478 voxels],0.339927 [1821 voxels],0.335312 [8200 voxels],0.338936 [3410 voxels],0.402865 [2076 voxels],0.474962 [1349 voxels],0.393363 [2056 voxels],0.316601 [275 voxels],0.316062 [15981 voxels],0.30781 [2377 voxels],0.312454 [3846 voxels],0.361794 [21246 voxels],0.360676 [23457 voxels],0.29207 [1096 voxels]
,,0.280772 [1979 voxels],0.299309 [8826 voxels],0.297669 [6190 voxels],0.289662 [1665 voxels],0.415143 [4262 voxels],0.335307 [4819 voxels],0.382347 [18464 voxels],0.36533 [5640 voxels],0.300231 [5153 voxels],0.337469 [79800 voxels],0.301777 [4273 voxels],0.302746 [6557 voxels],0.321931 [42295 voxels],0.320881 [16349 voxels],0.400684 [3860 voxels],0.473815 [4695 voxels],0.403948 [5733 voxels],0.667123 [5822 voxels],0.378162 [13488 voxels],0.399212 [12635 voxels],0.345146 [13909 voxels],0.441814 [10811 voxels],0.356069 [21586 voxels],0.371763 [2746 voxels],0.430434 [14037 voxels],0.519221 [4974 voxels],0.548237 [2568 voxels],0.503579 [12617 voxels],0.326012 [1547 voxels],0.417804 [5553 voxels],0.38962 [5066 voxels],0.359187 [17093 voxels],0.398824 [4478 voxels],0.346427 [1821 voxels],0.345452 [8200 voxels],0.371188 [3410 voxels],0.38781 [2076 voxels],0.466751 [1349 voxels],0.409831 [2056 voxels],0.340135 [275 voxels],0.350462 [15981 voxels],0.322674 [2377 voxels],0.334085 [3846 voxels],0.38353 [21246 voxels],0.346869 [23457 voxels],0.312594 [1096 voxels]
,,0.321687 [1979 voxels],0.289053 [8826 voxels],0.282419 [6190 voxels],0.300649 [1665 voxels],0.302342 [4262 voxels],0.316284 [4819 voxels],0.360106 [18464 voxels],0.34385 [5640 voxels],0.288614 [5153 voxels],0.381755 [79800 voxels],0.274535 [4273 voxels],0.322264 [6557 voxels],0.312417 [42295 voxels],0.30986 [16349 voxels],0.353015 [3860 voxels],0.412349 [4695 voxels],0.407903 [5733 voxels],0.620762 [5822 voxels],0.394938 [13488 voxels],0.434085 [12635 voxels],0.337374 [13909 voxels],0.443516 [10811 voxels],0.326694 [21586 voxels],0.344329 [2746 voxels],0.439444 [14037 voxels],0.561981 [4974 voxels],0.459037 [2568 voxels],0.447176 [12617 voxels],0.36488 [1547 voxels],0.41095 [5553 voxels],0.378639 [5066 voxels],0.399699 [17093 voxels],0.340292 [4478 voxels],0.367019 [1821 voxels],0.339237 [8200 voxels],0.332862 [3410 voxels],0.351923 [2076 voxels],0.458104 [1349 voxels],0.337894 [2056 voxels],0.283126 [275 voxels],0.370114 [15981 voxels],0.344004 [2377 voxels],0.323747 [3846 voxels],0.390819 [21246 voxels],0.361707 [23457 voxels],0.310526 [1096 voxels]
,,0.277072 [1979 voxels],0.283563 [8826 voxels],0.294705 [6190 voxels],0.339361 [1665 voxels],0.332936 [4262 voxels],0.296407 [4819 voxels],0.355901 [18464 voxels],0.349859 [5640 voxels],0.299338 [5153 voxels],0.322586 [79800 voxels],0.291698 [4273 voxels],0.278558 [6557 voxels],0.305073 [42295 voxels],0.296947 [16349 voxels],0.39132 [3860 voxels],0.329397 [4695 voxels],0.407362 [5733 voxels],0.691377 [5822 voxels],0.359616 [13488 voxels],0.414587 [12635 voxels],0.335424 [13909 voxels],0.44209 [10811 voxels],0.340073 [21586 voxels],0.3268 [2746 voxels],0.417859 [14037 voxels],0.620538 [4974 voxels],0.533491 [2568 voxels],0.485832 [12617 voxels],0.414059 [1547 voxels],0.408373 [5553 voxels],0.360109 [5066 voxels],0.352725 [17093 voxels],0.34337 [4478 voxels],0.334793 [1821 voxels],0.33355 [8200 voxels],0.358209 [3410 voxels],0.348743 [2076 voxels],0.437419 [1349 voxels],0.351795 [2056 voxels],0.293782 [275 voxels],0.340825 [15981 voxels],0.330915 [2377 voxels],0.322241 [3846 voxels],0.366472 [21246 voxels],0.351168 [23457 voxels],0.294545 [1096 voxels]
,,0.304429 [1979 voxels],0.334712 [8826 voxels],0.310068 [6190 voxels],0.336249 [1665 voxels],0.401699 [4262 voxels],0.389812 [4819 voxels],0.413742 [18464 voxels],0.383712 [5640 voxels],0.331325 [5153 voxels],0.369724 [79800 voxels],0.307797 [4273 voxels],0.299471 [6557 voxels],0.321646 [42295 voxels],0.33235 [16349 voxels],0.461086 [3860 voxels],0.473479 [4695 voxels],0.564657 [5733 voxels],0.735489 [5822 voxels],0.449699 [13488 voxels],0.518538 [12635 voxels],0.389031 [13909 voxels],0.565936 [10811 voxels],0.404924 [21586 voxels],0.394924 [2746 voxels],0.506857 [14037 voxels],0.648783 [4974 voxels],0.694406 [2568 voxels],0.562604 [12617 voxels],0.330333 [1547 voxels],0.525129 [5553 voxels],0.466043 [5066 voxels],0.481851 [17093 voxels],0.407605 [4478 voxels],0.416341 [1821 voxels],0.384211 [8200 voxels],0.417062 [3410 voxels],0.40646 [2076 voxels],0.558137 [1349 voxels],0.412938 [2056 voxels],0.531698 [275 voxels],0.374023 [15981 voxels],0.351449 [2377 voxels],0.332376 [3846 voxels],0.417376 [21246 voxels],0.368578 [23457 voxels],0.287739 [1096 voxels]
,,0.265583 [1979 voxels],0.273774 [8826 voxels],0.293474 [6190 voxels],0.294688 [1665 voxels],0.300093 [4262 voxels],0.341251 [4819 voxels],0.349125 [18464 voxels],0.335291 [5640 voxels],0.27246 [5153 voxels],0.28018 [79800 voxels],0.271334 [4273 voxels],0.295926 [6557 voxels],0.290119 [42295 voxels],0.311172 [16349 voxels],0.394087 [3860 voxels],0.326805 [4695 voxels],0.357131 [5733 voxels],0.696501 [5822 voxels],0.319262 [13488 voxels],0.373583 [12635 voxels],0.330882 [13909 voxels],0.421627 [10811 voxels],0.33224 [21586 voxels],0.372302 [2746 voxels],0.427456 [14037 voxels],0.566776 [4974 voxels],0.531634 [2568 voxels],0.498648 [12617 voxels],0.338593 [1547 voxels],0.38244 [5553 voxels],0.381446 [5066 voxels],0.299727 [17093 voxels],0.348212 [4478 voxels],0.32116 [1821 voxels],0.340908 [8200 voxels],0.35616 [3410 voxels],0.365073 [2076 voxels],0.481075 [1349 voxels],0.37879 [2056 voxels],0.358891 [275 voxels],0.305533 [15981 voxels],0.295313 [2377 voxels],0.293137 [3846 voxels],0.337674 [21246 voxels],0.328512 [23457 voxels],0.285507 [1096 voxels]
,,0.294755 [1979 voxels],0.296921 [8826 voxels],0.293613 [6190 voxels],0.288314 [1665 voxels],0.331249 [4262 voxels],0.308895 [4819 voxels],0.373546 [18464 voxels],0.336991 [5640 voxels],0.293836 [5153 voxels],0.300934 [79800 voxels],0.289846 [4273 voxels],0.300672 [6557 voxels],0.30927 [42295 voxels],0.311931 [16349 voxels],0.373343 [3860 voxels],0.309706 [4695 voxels],0.391317 [5733 voxels],0.588412 [5822 voxels],0.318129 [13488 voxels],0.353933 [12635 voxels],0.31347 [13909 voxels],0.410198 [10811 voxels],0.354659 [21586 voxels],0.35892 [2746 voxels],0.400759 [14037 voxels],0.553506 [4974 voxels],0.524894 [2568 voxels],0.469764 [12617 voxels],0.331883 [1547 voxels],0.406736 [5553 voxels],0.372881 [5066 voxels],0.328637 [17093 voxels],0.344103 [4478 voxels],0.304302 [1821 voxels],0.333658 [8200 voxels],0.341948 [3410 voxels],0.373404 [2076 voxels],0.429671 [1349 voxels],0.355723 [2056 voxels],0.342145 [275 voxels],0.329073 [15981 voxels],0.309452 [2377 voxels],0.330211 [3846 voxels],0.375964 [21246 voxels],0.35162 [23457 voxels],0.293666 [1096 voxels]
,,0.239561 [1979 voxels],0.264283 [8826 voxels],0.273487 [6190 voxels],0.254213 [1665 voxels],0.345487 [4262 voxels],0.298399 [4819 voxels],0.341388 [18464 voxels],0.320955 [5640 voxels],0.27699 [5153 voxels],0.310232 [79800 voxels],0.262415 [4273 voxels],0.2788 [6557 voxels],0.29139 [42295 voxels],0.310633 [16349 voxels],0.37855 [3860 voxels],0.379315 [4695 voxels],0.363572 [5733 voxels],0.678549 [5822 voxels],0.372184 [13488 voxels],0.403363 [12635 voxels],0.347117 [13909 voxels],0.450503 [10811 voxels],0.330733 [21586 voxels],0.358082 [2746 voxels],0.483614 [14037 voxels],0.61867 [4974 voxels],0.572702 [2568 voxels],0.520685 [12617 voxels],0.353672 [1547 voxels],0.398543 [5553 voxels],0.359191 [5066 voxels],0.343936 [17093 voxels],0.3623 [4478 voxels],0.350524 [1821 voxels],0.339437 [8200 voxels],0.346791 [3410 voxels],0.361179 [2076 voxels],0.50455 [1349 voxels],0.351934 [2056 voxels],0.316764 [275 voxels],0.315492 [15981 voxels],0.295632 [2377 voxels],0.315186 [3846 voxels],0.33574 [21246 voxels],0.359676 [23457 voxels],0.28429 [1096 voxels]
,,0.287369 [1979 voxels],0.279274 [8826 voxels],0.302137 [6190 voxels],0.303296 [1665 voxels],0.339539 [4262 voxels],0.312302 [4819 voxels],0.352136 [18464 voxels],0.332493 [5640 voxels],0.272025 [5153 voxels],0.293243 [79800 voxels],0.280777 [4273 voxels],0.288255 [6557 voxels],0.307301 [42295 voxels],0.327514 [16349 voxels],0.418227 [3860 voxels],0.333891 [4695 voxels],0.354281 [5733 voxels],0.598158 [5822 voxels],0.319107 [13488 voxels],0.353483 [12635 voxels],0.326045 [13909 voxels],0.42525 [10811 voxels],0.353303 [21586 voxels],0.391256 [2746 voxels],0.39888 [14037 voxels],0.53606 [4974 voxels],0.523928 [2568 voxels],0.49658 [12617 voxels],0.345221 [1547 voxels],0.400667 [5553 voxels],0.358278 [5066 voxels],0.320174 [17093 voxels],0.364612 [4478 voxels],0.295593 [1821 voxels],0.332648 [8200 voxels],0.339406 [3410 voxels],0.3837 [2076 voxels],0.462276 [1349 voxels],0.367656 [2056 voxels],0.413911 [275 voxels],0.310636 [15981 voxels],0.301958 [2377 voxels],0.294366 [3846 voxels],0.347655 [21246 voxels],0.345175 [23457 voxels],0.286309 [1096 voxels]
,,0.286396 [1979 voxels],0.277971 [8826 voxels],0.277967 [6190 voxels],0.265839 [1665 voxels],0.315239 [4262 voxels],0.290742 [4819 voxels],0.342006 [18464 voxels],0.301123 [5640 voxels],0.283129 [5153 voxels],0.279717 [79800 voxels],0.27081 [4273 voxels],0.287677 [6557 voxels],0.295748 [42295 voxels],0.306686 [16349 voxels],0.387768 [3860 voxels],0.295943 [4695 voxels],0.346527 [5733 voxels],0.663449 [5822 voxels],0.298657 [13488 voxels],0.367403 [12635 voxels],0.329094 [13909 voxels],0.442844 [10811 voxels],0.346535 [21586 voxels],0.393299 [2746 voxels],0.412846 [14037 voxels],0.567179 [4974 voxels],0.563867 [2568 voxels],0.516529 [12617 voxels],0.385782 [1547 voxels],0.374659 [5553 voxels],0.376632 [5066 voxels],0.294507 [17093 voxels],0.346685 [4478 voxels],0.303596 [1821 voxels],0.317704 [8200 voxels],0.35747 [3410 voxels],0.357241 [2076 voxels],0.458586 [1349 voxels],0.329833 [2056 voxels],0.356916 [275 voxels],0.304751 [15981 voxels],0.283907 [2377 voxels],0.277561 [3846 voxels],0.325353 [21246 voxels],0.354617 [23457 voxels],0.28711 [1096 voxels]
,,0.301736 [1979 voxels],0.304988 [8826 voxels],0.304511 [6190 voxels],0.270507 [1665 voxels],0.347118 [4262 voxels],0.300224 [4819 voxels],0.383406 [18464 voxels],0.330882 [5640 voxels],0.309642 [5153 voxels],0.313541 [79800 voxels],0.293909 [4273 voxels],0.316468 [6557 voxels],0.299081 [42295 voxels],0.321947 [16349 voxels],0.373353 [3860 voxels],0.313613 [4695 voxels],0.377224 [5733 voxels],0.655779 [5822 voxels],0.309886 [13488 voxels],0.390146 [12635 voxels],0.345186 [13909 voxels],0.420024 [10811 voxels],0.325929 [21586 voxels],0.3619 [2746 voxels],0.417073 [14037 voxels],0.611137 [4974 voxels],0.474988 [2568 voxels],0.452427 [12617 voxels],0.335629 [1547 voxels],0.395328 [5553 voxels],0.369128 [5066 voxels],0.342151 [17093 voxels],0.343797 [4478 voxels],0.358861 [1821 voxels],0.348738 [8200 voxels],0.345224 [3410 voxels],0.361806 [2076 voxels],0.46541 [1349 voxels],0.396607 [2056 voxels],0.314749 [275 voxels],0.33527 [15981 voxels],0.302483 [2377 voxels],0.308286 [3846 voxels],0.361865 [21246 voxels],0.337619 [23457 voxels],0.307151 [1096 voxels]
,,0.305317 [1979 voxels],0.283167 [8826 voxels],0.304656 [6190 voxels],0.303734 [1665 voxels],0.292863 [4262 voxels],0.326769 [4819 voxels],0.39191 [18464 voxels],0.339117 [5640 voxels],0.311594 [5153 voxels],0.352735 [79800 voxels],0.321036 [4273 voxels],0.318056 [6557 voxels],0.329346 [42295 voxels],0.329542 [16349 voxels],0.407011 [3860 voxels],0.385352 [4695 voxels],0.452549 [5733 voxels],0.660699 [5822 voxels],0.368591 [13488 voxels],0.409095 [12635 voxels],0.327121 [13909 voxels],0.46785 [10811 voxels],0.385265 [21586 voxels],0.419483 [2746 voxels],0.484285 [14037 voxels],0.535046 [4974 voxels],0.501987 [2568 voxels],0.499562 [12617 voxels],0.339409 [1547 voxels],0.369345 [5553 voxels],0.377959 [5066 voxels],0.376639 [17093 voxels],0.350979 [4478 voxels],0.330512 [1821 voxels],0.352531 [8200 voxels],0.372546 [3410 voxels],0.390536 [2076 voxels],0.471755 [1349 voxels],0.374429 [2056 voxels],0.368406 [275 voxels],0.361732 [15981 voxels],0.359793 [2377 voxels],0.341817 [3846 voxels],0.406845 [21246 voxels],0.369048 [23457 voxels],0.289448 [1096 voxels]
,,0.294659 [1979 voxels],0.288738 [8826 voxels],0.301729 [6190 voxels],0.331644 [1665 voxels],0.345992 [4262 voxels],0.300222 [4819 voxels],0.37667 [18464 voxels],0.372773 [5640 voxels],0.300194 [5153 voxels],0.333478 [79800 voxels],0.280566 [4273 voxels],0.294863 [6557 voxels],0.315311 [42295 voxels],0.321228 [16349 voxels],0.416486 [3860 voxels],0.337645 [4695 voxels],0.390673 [5733 voxels],0.568647 [5822 voxels],0.353032 [13488 voxels],0.392347 [12635 voxels],0.322975 [13909 voxels],0.431606 [10811 voxels],0.362186 [21586 voxels],0.389804 [2746 voxels],0.40283 [14037 voxels],0.631892 [4974 voxels],0.523521 [2568 voxels],0.491938 [12617 voxels],0.38954 [1547 voxels],0.372834 [5553 voxels],0.368115 [5066 voxels],0.365576 [17093 voxels],0.348179 [4478 voxels],0.300512 [1821 voxels],0.33773 [8200 voxels],0.339165 [3410 voxels],0.344111 [2076 voxels],0.421197 [1349 voxels],0.37705 [2056 voxels],0.347633 [275 voxels],0.372764 [15981 voxels],0.351167 [2377 voxels],0.327338 [3846 voxels],0.399997 [21246 voxels],0.394481 [23457 voxels],0.293675 [1096 voxels]
,,0.25729 [1979 voxels],0.277661 [8826 voxels],0.297438 [6190 voxels],0.298135 [1665 voxels],0.281394 [4262 voxels],0.313145 [4819 voxels],0.347019 [18464 voxels],0.341795 [5640 voxels],0.285528 [5153 voxels],0.313067 [79800 voxels],0.271563 [4273 voxels],0.288805 [6557 voxels],0.304335 [42295 voxels],0.334275 [16349 voxels],0.391441 [3860 voxels],0.314928 [4695 voxels],0.347477 [5733 voxels],0.604248 [5822 voxels],0.344367 [13488 voxels],0.398256 [12635 voxels],0.329111 [13909 voxels],0.447541 [10811 voxels],0.338976 [21586 voxels],0.389818 [2746 voxels],0.397741 [14037 voxels],0.52188 [4974 voxels],0.581244 [2568 voxels],0.493795 [12617 voxels],0.364303 [1547 voxels],0.416295 [5553 voxels],0.360173 [5066 voxels],0.323949 [17093 voxels],0.366161 [4478 voxels],0.321398 [1821 voxels],0.321751 [8200 voxels],0.343534 [3410 voxels],0.348642 [2076 voxels],0.456041 [1349 voxels],0.348049 [2056 voxels],0.33466 [275 voxels],0.328351 [15981 voxels],0.317012 [2377 voxels],0.31447 [3846 voxels],0.355185 [21246 voxels],0.339577 [23457 voxels],0.286358 [1096 voxels]
,,0.280884 [1979 voxels],0.289311 [8826 voxels],0.306885 [6190 voxels],0.276711 [1665 voxels],0.397483 [4262 voxels],0.323956 [4819 voxels],0.378538 [18464 voxels],0.36286 [5640 voxels],0.315551 [5153 voxels],0.297445 [79800 voxels],0.282191 [4273 voxels],0.276641 [6557 voxels],0.314027 [42295 voxels],0.326051 [16349 voxels],0.398024 [3860 voxels],0.303729 [4695 voxels],0.3787 [5733 voxels],0.487819 [5822 voxels],0.31209 [13488 voxels],0.339567 [12635 voxels],0.319469 [13909 voxels],0.41881 [10811 voxels],0.352985 [21586 voxels],0.360124 [2746 voxels],0.38803 [14037 voxels],0.560854 [4974 voxels],0.501353 [2568 voxels],0.500473 [12617 voxels],0.284611 [1547 voxels],0.397767 [5553 voxels],0.362057 [5066 voxels],0.344723 [17093 voxels],0.34803 [4478 voxels],0.303245 [1821 voxels],0.319669 [8200 voxels],0.359257 [3410 voxels],0.325842 [2076 voxels],0.452756 [1349 voxels],0.395054 [2056 voxels],0.345752 [275 voxels],0.325476 [15981 voxels],0.323484 [2377 voxels],0.3166 [3846 voxels],0.371341 [21246 voxels],0.345266 [23457 voxels],0.27529 [1096 voxels]
,,0.271555 [1979 voxels],0.282481 [8826 voxels],0.281705 [6190 voxels],0.284206 [1665 voxels],0.320794 [4262 voxels],0.303619 [4819 voxels],0.36939 [18464 voxels],0.360297 [5640 voxels],0.304129 [5153 voxels],0.302406 [79800 voxels],0.283303 [4273 voxels],0.284375 [6557 voxels],0.30086 [42295 voxels],0.297705 [16349 voxels],0.362717 [3860 voxels],0.341464 [4695 voxels],0.402945 [5733 voxels],0.593742 [5822 voxels],0.326094 [13488 voxels],0.421882 [12635 voxels],0.331289 [13909 voxels],0.453419 [10811 voxels],0.35291 [21586 voxels],0.338198 [2746 voxels],0.399173 [14037 voxels],0.554623 [4974 voxels],0.522861 [2568 voxels],0.462021 [12617 voxels],0.380548 [1547 voxels],0.384749 [5553 voxels],0.353731 [5066 voxels],0.343924 [17093 voxels],0.33183 [4478 voxels],0.323097 [1821 voxels],0.326641 [8200 voxels],0.351447 [3410 voxels],0.359185 [2076 voxels],0.489108 [1349 voxels],0.384388 [2056 voxels],0.275923 [275 voxels],0.332555 [15981 voxels],0.314818 [2377 voxels],0.305422 [3846 voxels],0.364532 [21246 voxels],0.348321 [23457 voxels],0.270102 [1096 voxels]
,,0.276578 [1979 voxels],0.290977 [8826 voxels],0.319794 [6190 voxels],0.312355 [1665 voxels],0.321135 [4262 voxels],0.321624 [4819 voxels],0.375754 [18464 voxels],0.366617 [5640 voxels],0.315774 [5153 voxels],0.297262 [79800 voxels],0.31021 [4273 voxels],0.302992 [6557 voxels],0.319272 [42295 voxels],0.330142 [16349 voxels],0.409532 [3860 voxels],0.371477 [4695 voxels],0.41581 [5733 voxels],0.667532 [5822 voxels],0.332588 [13488 voxels],0.386342 [12635 voxels],0.334905 [13909 voxels],0.460157 [10811 voxels],0.37258 [21586 voxels],0.407661 [2746 voxels],0.441754 [14037 voxels],0.592212 [4974 voxels],0.526087 [2568 voxels],0.507767 [12617 voxels],0.44168 [1547 voxels],0.405787 [5553 voxels],0.379155 [5066 voxels],0.351513 [17093 voxels],0.39515 [4478 voxels],0.336903 [1821 voxels],0.351018 [8200 voxels],0.373514 [3410 voxels],0.353027 [2076 voxels],0.483603 [1349 voxels],0.387714 [2056 voxels],0.424155 [275 voxels],0.342901 [15981 voxels],0.335683 [2377 voxels],0.321617 [3846 voxels],0.38511 [21246 voxels],0.348858 [23457 voxels],0.286279 [1096 voxels]
,,0.29228 [1979 voxels],0.293407 [8826 voxels],0.307993 [6190 voxels],0.332853 [1665 voxels],0.305695 [4262 voxels],0.290034 [4819 voxels],0.375041 [18464 voxels],0.353834 [5640 voxels],0.286713 [5153 voxels],0.336926 [79800 voxels],0.301086 [4273 voxels],0.30555 [6557 voxels],0.308365 [42295 voxels],0.324293 [16349 voxels],0.378144 [3860 voxels],0.318521 [4695 voxels],0.385937 [5733 voxels],0.639087 [5822 voxels],0.356547 [13488 voxels],0.384649 [12635 voxels],0.339822 [13909 voxels],0.450115 [10811 voxels],0.354751 [21586 voxels],0.373374 [2746 voxels],0.468963 [14037 voxels],0.612511 [4974 voxels],0.542274 [2568 voxels],0.492289 [12617 voxels],0.342136 [1547 voxels],0.392101 [5553 voxels],0.364612 [5066 voxels],0.362056 [17093 voxels],0.357703 [4478 voxels],0.350037 [1821 voxels],0.355371 [8200 voxels],0.366744 [3410 voxels],0.411891 [2076 voxels],0.509448 [1349 voxels],0.38196 [2056 voxels],0.358855 [275 voxels],0.363279 [15981 voxels],0.373612 [2377 voxels],0.336586 [3846 voxels],0.393973 [21246 voxels],0.368304 [23457 voxels],0.303219 [1096 voxels]
,,0.297278 [1979 voxels],0.297909 [8826 voxels],0.289289 [6190 voxels],0.29733 [1665 voxels],0.3587 [4262 voxels],0.317538 [4819 voxels],0.372674 [18464 voxels],0.364644 [5640 voxels],0.302373 [5153 voxels],0.281881 [79800 voxels],0.290574 [4273 voxels],0.299638 [6557 voxels],0.327042 [42295 voxels],0.31815 [16349 voxels],0.421912 [3860 voxels],0.327859 [4695 voxels],0.388021 [5733 voxels],0.587281 [5822 voxels],0.303855 [13488 voxels],0.366783 [12635 voxels],0.350162 [13909 voxels],0.48048 [10811 voxels],0.383582 [21586 voxels],0.397872 [2746 voxels],0.417471 [14037 voxels],0.536218 [4974 voxels],0.586568 [2568 voxels],0.539228 [12617 voxels],0.368541 [1547 voxels],0.396437 [5553 voxels],0.394272 [5066 voxels],0.313963 [17093 voxels],0.393011 [4478 voxels],0.362531 [1821 voxels],0.365468 [8200 voxels],0.375876 [3410 voxels],0.398731 [2076 voxels],0.478895 [1349 voxels],0.385745 [2056 voxels],0.343759 [275 voxels],0.30704 [15981 voxels],0.303559 [2377 voxels],0.328474 [3846 voxels],0.361636 [21246 voxels],0.35443 [23457 voxels],0.297701 [1096 voxels]
,,0.289406 [1979 voxels],0.292588 [8826 voxels],0.293017 [6190 voxels],0.307366 [1665 voxels],0.332251 [4262 voxels],0.320908 [4819 voxels],0.398012 [18464 voxels],0.37331 [5640 voxels],0.322503 [5153 voxels],0.379316 [79800 voxels],0.301508 [4273 voxels],0.315172 [6557 voxels],0.329078 [42295 voxels],0.328647 [16349 voxels],0.429553 [3860 voxels],0.435171 [4695 voxels],0.441674 [5733 voxels],0.731008 [5822 voxels],0.416085 [13488 voxels],0.447087 [12635 voxels],0.373006 [13909 voxels],0.473566 [10811 voxels],0.383387 [21586 voxels],0.418263 [2746 voxels],0.466388 [14037 voxels],0.642055 [4974 voxels],0.507306 [2568 voxels],0.513917 [12617 voxels],0.357193 [1547 voxels],0.393019 [5553 voxels],0.377008 [5066 voxels],0.389949 [17093 voxels],0.391666 [4478 voxels],0.391848 [1821 voxels],0.374901 [8200 voxels],0.375587 [3410 voxels],0.420251 [2076 voxels],0.529645 [1349 voxels],0.383131 [2056 voxels],0.365188 [275 voxels],0.365008 [15981 voxels],0.361621 [2377 voxels],0.357595 [3846 voxels],0.400079 [21246 voxels],0.382092 [23457 voxels],0.310654 [1096 voxels]
,,0.287598 [1979 voxels],0.290809 [8826 voxels],0.297734 [6190 voxels],0.291868 [1665 voxels],0.338575 [4262 voxels],0.292222 [4819 voxels],0.362174 [18464 voxels],0.356681 [5640 voxels],0.292331 [5153 voxels],0.305411 [79800 voxels],0.285073 [4273 voxels],0.278726 [6557 voxels],0.306768 [42295 voxels],0.297656 [16349 voxels],0.376149 [3860 voxels],0.377288 [4695 voxels],0.365969 [5733 voxels],0.604316 [5822 voxels],0.332334 [13488 voxels],0.382179 [12635 voxels],0.334832 [13909 voxels],0.416517 [10811 voxels],0.340508 [21586 voxels],0.349271 [2746 voxels],0.390515 [14037 voxels],0.537169 [4974 voxels],0.453198 [2568 voxels],0.432942 [12617 voxels],0.298519 [1547 voxels],0.35837 [5553 voxels],0.351445 [5066 voxels],0.319746 [17093 voxels],0.339758 [4478 voxels],0.344471 [1821 voxels],0.364481 [8200 voxels],0.421725 [3410 voxels],0.370758 [2076 voxels],0.49539 [1349 voxels],0.40351 [2056 voxels],0.326635 [275 voxels],0.319025 [15981 voxels],0.320006 [2377 voxels],0.318654 [3846 voxels],0.362991 [21246 voxels],0.344117 [23457 voxels],0.269275 [1096 voxels]
,,0.319065 [1979 voxels],0.307577 [8826 voxels],0.28906 [6190 voxels],0.29796 [1665 voxels],0.36375 [4262 voxels],0.295728 [4819 voxels],0.383395 [18464 voxels],0.359898 [5640 voxels],0.311812 [5153 voxels],0.310103 [79800 voxels],0.300007 [4273 voxels],0.303017 [6557 voxels],0.309972 [42295 voxels],0.318837 [16349 voxels],0.373014 [3860 voxels],0.403892 [4695 voxels],0.351996 [5733 voxels],0.638511 [5822 voxels],0.311711 [13488 voxels],0.389927 [12635 voxels],0.362011 [13909 voxels],0.47642 [10811 voxels],0.3613 [21586 voxels],0.35834 [2746 voxels],0.467134 [14037 voxels],0.576001 [4974 voxels],0.521584 [2568 voxels],0.479787 [12617 voxels],0.357951 [1547 voxels],0.398039 [5553 voxels],0.366147 [5066 voxels],0.338734 [17093 voxels],0.366247 [4478 voxels],0.352007 [1821 voxels],0.362888 [8200 voxels],0.361967 [3410 voxels],0.369875 [2076 voxels],0.498162 [1349 voxels],0.375372 [2056 voxels],0.285008 [275 voxels],0.352671 [15981 voxels],0.336997 [2377 voxels],0.331169 [3846 voxels],0.368945 [21246 voxels],0.367029 [23457 voxels],0.296393 [1096 voxels]
,,0.272828 [1979 voxels],0.298162 [8826 voxels],0.29421 [6190 voxels],0.267012 [1665 voxels],0.354627 [4262 voxels],0.297455 [4819 voxels],0.351522 [18464 voxels],0.334319 [5640 voxels],0.289428 [5153 voxels],0.312965 [79800 voxels],0.28088 [4273 voxels],0.294302 [6557 voxels],0.317346 [42295 voxels],0.309132 [16349 voxels],0.358522 [3860 voxels],0.329101 [4695 voxels],0.33585 [5733 voxels],0.620274 [5822 voxels],0.324025 [13488 voxels],0.355923 [12635 voxels],0.301623 [13909 voxels],0.384701 [10811 voxels],0.331352 [21586 voxels],0.392158 [2746 voxels],0.386905 [14037 voxels],0.430814 [4974 voxels],0.481369 [2568 voxels],0.458089 [12617 voxels],0.286712 [1547 voxels],0.372306 [5553 voxels],0.35166 [5066 voxels],0.343353 [17093 voxels],0.346575 [4478 voxels],0.3228 [1821 voxels],0.309781 [8200 voxels],0.346519 [3410 voxels],0.302741 [2076 voxels],0.40742 [1349 voxels],0.341585 [2056 voxels],0.32403 [275 voxels],0.331121 [15981 voxels],0.310922 [2377 voxels],0.288055 [3846 voxels],0.334506 [21246 voxels],0.341142 [23457 voxels],0.293197 [1096 voxels]
,,0.253958 [1979 voxels],0.280692 [8826 voxels],0.286837 [6190 voxels],0.295715 [1665 voxels],0.376573 [4262 voxels],0.312138 [4819 voxels],0.36925 [18464 voxels],0.341402 [5640 voxels],0.285525 [5153 voxels],0.304371 [79800 voxels],0.262271 [4273 voxels],0.276422 [6557 voxels],0.299752 [42295 voxels],0.300657 [16349 voxels],0.377055 [3860 voxels],0.325424 [4695 voxels],0.368361 [5733 voxels],0.6507 [5822 voxels],0.308203 [13488 voxels],0.38123 [12635 voxels],0.338658 [13909 voxels],0.445277 [10811 voxels],0.339883 [21586 voxels],0.384173 [2746 voxels],0.427256 [14037 voxels],0.580532 [4974 voxels],0.479659 [2568 voxels],0.475644 [12617 voxels],0.344978 [1547 voxels],0.38753 [5553 voxels],0.37362 [5066 voxels],0.337849 [17093 voxels],0.355892 [4478 voxels],0.333268 [1821 voxels],0.336193 [8200 voxels],0.340795 [3410 voxels],0.355235 [2076 voxels],0.493632 [1349 voxels],0.374355 [2056 voxels],0.329301 [275 voxels],0.324838 [15981 voxels],0.279935 [2377 voxels],0.307444 [3846 voxels],0.36799 [21246 voxels],0.362909 [23457 voxels],0.274864 [1096 voxels]
,,0.281859 [1979 voxels],0.279059 [8826 voxels],0.322241 [6190 voxels],0.366034 [1665 voxels],0.328168 [4262 voxels],0.375945 [4819 voxels],0.393002 [18464 voxels],0.397125 [5640 voxels],0.306873 [5153 voxels],0.304038 [79800 voxels],0.303852 [4273 voxels],0.310824 [6557 voxels],0.33224 [42295 voxels],0.320416 [16349 voxels],0.437427 [3860 voxels],0.315164 [4695 voxels],0.404408 [5733 voxels],0.754637 [5822 voxels],0.342185 [13488 voxels],0.415678 [12635 voxels],0.358132 [13909 voxels],0.459954 [10811 voxels],0.380279 [21586 voxels],0.381898 [2746 voxels],0.450428 [14037 voxels],0.566664 [4974 voxels],0.540537 [2568 voxels],0.506292 [12617 voxels],0.338272 [1547 voxels],0.434674 [5553 voxels],0.432473 [5066 voxels],0.331577 [17093 voxels],0.395365 [4478 voxels],0.3281 [1821 voxels],0.371104 [8200 voxels],0.421711 [3410 voxels],0.347517 [2076 voxels],0.505582 [1349 voxels],0.402685 [2056 voxels],0.353763 [275 voxels],0.336297 [15981 voxels],0.341163 [2377 voxels],0.351156 [3846 voxels],0.385528 [21246 voxels],0.368482 [23457 voxels],0.299361 [1096 voxels]
,,0.271935 [1979 voxels],0.2647 [8826 voxels],0.271002 [6190 voxels],0.279039 [1665 voxels],0.289764 [4262 voxels],0.290618 [4819 voxels],0.342099 [18464 voxels],0.31258 [5640 voxels],0.264815 [5153 voxels],0.309785 [79800 voxels],0.258097 [4273 voxels],0.276626 [6557 voxels],0.279542 [42295 voxels],0.282916 [16349 voxels],0.335861 [3860 voxels],0.329295 [4695 voxels],0.331314 [5733 voxels],0.573903 [5822 voxels],0.326887 [13488 voxels],0.364963 [12635 voxels],0.316013 [13909 voxels],0.407687 [10811 voxels],0.294425 [21586 voxels],0.339973 [2746 voxels],0.408339 [14037 voxels],0.540362 [4974 voxels],0.424114 [2568 voxels],0.41395 [12617 voxels],0.35052 [1547 voxels],0.335306 [5553 voxels],0.32803 [5066 voxels],0.32874 [17093 voxels],0.314148 [4478 voxels],0.322045 [1821 voxels],0.324521 [8200 voxels],0.332564 [3410 voxels],0.314522 [2076 voxels],0.447715 [1349 voxels],0.36106 [2056 voxels],0.277386 [275 voxels],0.305774 [15981 voxels],0.311552 [2377 voxels],0.325742 [3846 voxels],0.347159 [21246 voxels],0.351554 [23457 voxels],0.277303 [1096 voxels]
,,0.276382 [1979 voxels],0.279526 [8826 voxels],0.280316 [6190 voxels],0.308491 [1665 voxels],0.316447 [4262 voxels],0.311086 [4819 voxels],0.374604 [18464 voxels],0.34897 [5640 voxels],0.29666 [5153 voxels],0.331153 [79800 voxels],0.270649 [4273 voxels],0.27761 [6557 voxels],0.29804 [42295 voxels],0.301371 [16349 voxels],0.412124 [3860 voxels],0.395603 [4695 voxels],0.45086 [5733 voxels],0.685416 [5822 voxels],0.400921 [13488 voxels],0.426241 [12635 voxels],0.344765 [13909 voxels],0.45961 [10811 voxels],0.348669 [21586 voxels],0.362592 [2746 voxels],0.455909 [14037 voxels],0.548663 [4974 voxels],0.495982 [2568 voxels],0.508735 [12617 voxels],0.312531 [1547 voxels],0.372012 [5553 voxels],0.37742 [5066 voxels],0.374015 [17093 voxels],0.372811 [4478 voxels],0.37518 [1821 voxels],0.346007 [8200 voxels],0.365993 [3410 voxels],0.384164 [2076 voxels],0.447199 [1349 voxels],0.336842 [2056 voxels],0.343346 [275 voxels],0.351821 [15981 voxels],0.336114 [2377 voxels],0.320312 [3846 voxels],0.382123 [21246 voxels],0.381299 [23457 voxels],0.283135 [1096 voxels]
,,0.266766 [1979 voxels],0.284904 [8826 voxels],0.289824 [6190 voxels],0.322467 [1665 voxels],0.301998 [4262 voxels],0.303712 [4819 voxels],0.377211 [18464 voxels],0.376507 [5640 voxels],0.282348 [5153 voxels],0.316485 [79800 voxels],0.291774 [4273 voxels],0.292136 [6557 voxels],0.295412 [42295 voxels],0.301795 [16349 voxels],0.366847 [3860 voxels],0.329864 [4695 voxels],0.406582 [5733 voxels],0.544941 [5822 voxels],0.359198 [13488 voxels],0.397505 [12635 voxels],0.322942 [13909 voxels],0.427989 [10811 voxels],0.334245 [21586 voxels],0.349663 [2746 voxels],0.386552 [14037 voxels],0.548176 [4974 voxels],0.52374 [2568 voxels],0.485631 [12617 voxels],0.383046 [1547 voxels],0.393225 [5553 voxels],0.380377 [5066 voxels],0.357517 [17093 voxels],0.359052 [4478 voxels],0.319481 [1821 voxels],0.332242 [8200 voxels],0.374772 [3410 voxels],0.369899 [2076 voxels],0.462681 [1349 voxels],0.383063 [2056 voxels],0.30457 [275 voxels],0.347016 [15981 voxels],0.319684 [2377 voxels],0.306993 [3846 voxels],0.357411 [21246 voxels],0.349497 [23457 voxels],0.27311 [1096 voxels]
,,0.291622 [1979 voxels],0.294171 [8826 voxels],0.289975 [6190 voxels],0.304788 [1665 voxels],0.34914 [4262 voxels],0.349431 [4819 voxels],0.385711 [18464 voxels],0.355212 [5640 voxels],0.312351 [5153 voxels],0.358995 [79800 voxels],0.288773 [4273 voxels],0.297731 [6557 voxels],0.321205 [42295 voxels],0.322938 [16349 voxels],0.410989 [3860 voxels],0.437007 [4695 voxels],0.408488 [5733 voxels],0.745892 [5822 voxels],0.40795 [13488 voxels],0.457833 [12635 voxels],0.361027 [13909 voxels],0.47576 [10811 voxels],0.372087 [21586 voxels],0.388825 [2746 voxels],0.45924 [14037 voxels],0.540878 [4974 voxels],0.563147 [2568 voxels],0.545383 [12617 voxels],0.335157 [1547 voxels],0.427482 [5553 voxels],0.418045 [5066 voxels],0.389749 [17093 voxels],0.377798 [4478 voxels],0.351501 [1821 voxels],0.36232 [8200 voxels],0.381456 [3410 voxels],0.36804 [2076 voxels],0.475279 [1349 voxels],0.386673 [2056 voxels],0.34419 [275 voxels],0.367864 [15981 voxels],0.353701 [2377 voxels],0.329294 [3846 voxels],0.384201 [21246 voxels],0.347788 [23457 voxels],0.294802 [1096 voxels]
,,0.28485 [1979 voxels],0.304809 [8826 voxels],0.301822 [6190 voxels],0.295575 [1665 voxels],0.377062 [4262 voxels],0.334399 [4819 voxels],0.390602 [18464 voxels],0.363846 [5640 voxels],0.314673 [5153 voxels],0.326923 [79800 voxels],0.313275 [4273 voxels],0.310442 [6557 voxels],0.321162 [42295 voxels],0.327792 [16349 voxels],0.370341 [3860 voxels],0.397358 [4695 voxels],0.41271 [5733 voxels],0.590948 [5822 voxels],0.343763 [13488 voxels],0.418623 [12635 voxels],0.331227 [13909 voxels],0.429846 [10811 voxels],0.344861 [21586 voxels],0.338837 [2746 voxels],0.425971 [14037 voxels],0.571184 [4974 voxels],0.433505 [2568 voxels],0.463351 [12617 voxels],0.336173 [1547 voxels],0.365605 [5553 voxels],0.353228 [5066 voxels],0.381183 [17093 voxels],0.36499 [4478 voxels],0.340953 [1821 voxels],0.337879 [8200 voxels],0.371113 [3410 voxels],0.348693 [2076 voxels],0.469305 [1349 voxels],0.37227 [2056 voxels],0.33346 [275 voxels],0.381667 [15981 voxels],0.348364 [2377 voxels],0.323672 [3846 voxels],0.388514 [21246 voxels],0.373437 [23457 voxels],0.312067 [1096 voxels]
,,0.30772 [1979 voxels],0.293322 [8826 voxels],0.278586 [6190 voxels],0.307494 [1665 voxels],0.320658 [4262 voxels],0.304947 [4819 voxels],0.375181 [18464 voxels],0.361107 [5640 voxels],0.30517 [5153 voxels],0.335152 [79800 voxels],0.30277 [4273 voxels],0.309569 [6557 voxels],0.326354 [42295 voxels],0.317726 [16349 voxels],0.393376 [3860 voxels],0.350805 [4695 voxels],0.382967 [5733 voxels],0.750391 [5822 voxels],0.36036 [13488 voxels],0.416259 [12635 voxels],0.343636 [13909 voxels],0.458118 [10811 voxels],0.348956 [21586 voxels],0.354001 [2746 voxels],0.495433 [14037 voxels],0.660382 [4974 voxels],0.509602 [2568 voxels],0.484448 [12617 voxels],0.3867 [1547 voxels],0.410302 [5553 voxels],0.380208 [5066 voxels],0.332559 [17093 voxels],0.368007 [4478 voxels],0.357107 [1821 voxels],0.346787 [8200 voxels],0.378489 [3410 voxels],0.353699 [2076 voxels],0.484813 [1349 voxels],0.367968 [2056 voxels],0.366304 [275 voxels],0.329319 [15981 voxels],0.326927 [2377 voxels],0.302422 [3846 voxels],0.364949 [21246 voxels],0.421302 [23457 voxels],0.303322 [1096 voxels]
,,0.272587 [1979 voxels],0.298969 [8826 voxels],0.288791 [6190 voxels],0.25483 [1665 voxels],0.432307 [4262 voxels],0.306051 [4819 voxels],0.369258 [18464 voxels],0.363935 [5640 voxels],0.298172 [5153 voxels],0.321497 [79800 voxels],0.290193 [4273 voxels],0.289614 [6557 voxels],0.291793 [42295 voxels],0.290709 [16349 voxels],0.410089 [3860 voxels],0.488357 [4695 voxels],0.405045 [5733 voxels],0.753018 [5822 voxels],0.364805 [13488 voxels],0.443359 [12635 voxels],0.374743 [13909 voxels],0.514221 [10811 voxels],0.378127 [21586 voxels],0.332816 [2746 voxels],0.491831 [14037 voxels],0.644133 [4974 voxels],0.698054 [2568 voxels],0.559288 [12617 voxels],0.347357 [1547 voxels],0.487261 [5553 voxels],0.40184 [5066 voxels],0.365527 [17093 voxels],0.373648 [4478 voxels],0.382167 [1821 voxels],0.391402 [8200 voxels],0.384488 [3410 voxels],0.420516 [2076 voxels],0.564716 [1349 voxels],0.403689 [2056 voxels],0.340302 [275 voxels],0.357311 [15981 voxels],0.339857 [2377 voxels],0.35067 [3846 voxels],0.383078 [21246 voxels],0.369596 [23457 voxels],0.274177 [1096 voxels]
,,0.304761 [1979 voxels],0.29758 [8826 voxels],0.311152 [6190 voxels],0.271762 [1665 voxels],0.36579 [4262 voxels],0.34853 [4819 voxels],0.388958 [18464 voxels],0.366529 [5640 voxels],0.326591 [5153 voxels],0.356066 [79800 voxels],0.305174 [4273 voxels],0.302746 [6557 voxels],0.32955 [42295 voxels],0.323162 [16349 voxels],0.367892 [3860 voxels],0.431077 [4695 voxels],0.435199 [5733 voxels],0.634741 [5822 voxels],0.354674 [13488 voxels],0.409958 [12635 voxels],0.343013 [13909 voxels],0.410418 [10811 voxels],0.347296 [21586 voxels],0.352125 [2746 voxels],0.430002 [14037 voxels],0.515468 [4974 voxels],0.5358 [2568 voxels],0.45499 [12617 voxels],0.323558 [1547 voxels],0.399183 [5553 voxels],0.382736 [5066 voxels],0.396849 [17093 voxels],0.349055 [4478 voxels],0.33657 [1821 voxels],0.358382 [8200 voxels],0.362046 [3410 voxels],0.346911 [2076 voxels],0.466296 [1349 voxels],0.351416 [2056 voxels],0.304213 [275 voxels],0.402359 [15981 voxels],0.366193 [2377 voxels],0.326836 [3846 voxels],0.402425 [21246 voxels],0.36728 [23457 voxels],0.292983 [1096 voxels]
,,0.313758 [1979 voxels],0.287717 [8826 voxels],0.299174 [6190 voxels],0.271991 [1665 voxels],0.322665 [4262 voxels],0.305288 [4819 voxels],0.363048 [18464 voxels],0.346467 [5640 voxels],0.315091 [5153 voxels],0.323669 [79800 voxels],0.293172 [4273 voxels],0.291912 [6557 voxels],0.300615 [42295 voxels],0.303309 [16349 voxels],0.366114 [3860 voxels],0.375143 [4695 voxels],0.397859 [5733 voxels],0.642261 [5822 voxels],0.351284 [13488 voxels],0.451236 [12635 voxels],0.33614 [13909 voxels],0.42027 [10811 voxels],0.337483 [21586 voxels],0.328359 [2746 voxels],0.439787 [14037 voxels],0.586979 [4974 voxels],0.511079 [2568 voxels],0.493998 [12617 voxels],0.345281 [1547 voxels],0.391469 [5553 voxels],0.345124 [5066 voxels],0.354638 [17093 voxels],0.340127 [4478 voxels],0.35509 [1821 voxels],0.345553 [8200 voxels],0.339475 [3410 voxels],0.367375 [2076 voxels],0.473879 [1349 voxels],0.366747 [2056 voxels],0.333329 [275 voxels],0.341883 [15981 voxels],0.33585 [2377 voxels],0.310627 [3846 voxels],0.36422 [21246 voxels],0.345108 [23457 voxels],0.288317 [1096 voxels]
,,0.308991 [1979 voxels],0.290427 [8826 voxels],0.286436 [6190 voxels],0.269804 [1665 voxels],0.300141 [4262 voxels],0.283847 [4819 voxels],0.358059 [18464 voxels],0.328948 [5640 voxels],0.290717 [5153 voxels],0.311373 [79800 voxels],0.280823 [4273 voxels],0.280081 [6557 voxels],0.286114 [42295 voxels],0.314004 [16349 voxels],0.351422 [3860 voxels],0.434509 [4695 voxels],0.365196 [5733 voxels],0.670255 [5822 voxels],0.330124 [13488 voxels],0.392023 [12635 voxels],0.319889 [13909 voxels],0.382971 [10811 voxels],0.308664 [21586 voxels],0.385114 [2746 voxels],0.424294 [14037 voxels],0.521122 [4974 voxels],0.462159 [2568 voxels],0.418005 [12617 voxels],0.348658 [1547 voxels],0.369468 [5553 voxels],0.351616 [5066 voxels],0.338108 [17093 voxels],0.334785 [4478 voxels],0.315247 [1821 voxels],0.325738 [8200 voxels],0.322818 [3410 voxels],0.374919 [2076 voxels],0.447111 [1349 voxels],0.339108 [2056 voxels],0.381694 [275 voxels],0.328731 [15981 voxels],0.303745 [2377 voxels],0.293464 [3846 voxels],0.348679 [21246 voxels],0.385759 [23457 voxels],0.298542 [1096 voxels]
,,0.286623 [1979 voxels],0.285992 [8826 voxels],0.294272 [6190 voxels],0.311517 [1665 voxels],0.36185 [4262 voxels],0.319268 [4819 voxels],0.390702 [18464 voxels],0.366746 [5640 voxels],0.318772 [5153 voxels],0.316279 [79800 voxels],0.338558 [4273 voxels],0.328004 [6557 voxels],0.325889 [42295 voxels],0.33806 [16349 voxels],0.41379 [3860 voxels],0.351397 [4695 voxels],0.359892 [5733 voxels],0.662964 [5822 voxels],0.323378 [13488 voxels],0.390622 [12635 voxels],0.388396 [13909 voxels],0.448614 [10811 voxels],0.368962 [21586 voxels],0.364073 [2746 voxels],0.507027 [14037 voxels],0.544582 [4974 voxels],0.542316 [2568 voxels],0.544875 [12617 voxels],0.356309 [1547 voxels],0.449556 [5553 voxels],0.395794 [5066 voxels],0.337561 [17093 voxels],0.411084 [4478 voxels],0.351779 [1821 voxels],0.376398 [8200 voxels],0.389602 [3410 voxels],0.381883 [2076 voxels],0.485353 [1349 voxels],0.422201 [2056 voxels],0.344824 [275 voxels],0.355205 [15981 voxels],0.332074 [2377 voxels],0.329498 [3846 voxels],0.370369 [21246 voxels],0.364147 [23457 voxels],0.310745 [1096 voxels]
,,0.262449 [1979 voxels],0.283035 [8826 voxels],0.292157 [6190 voxels],0.27829 [1665 voxels],0.360277 [4262 voxels],0.328142 [4819 voxels],0.362897 [18464 voxels],0.342889 [5640 voxels],0.300697 [5153 voxels],0.357818 [79800 voxels],0.289646 [4273 voxels],0.315366 [6557 voxels],0.319372 [42295 voxels],0.320549 [16349 voxels],0.406952 [3860 voxels],0.428446 [4695 voxels],0.406561 [5733 voxels],0.646627 [5822 voxels],0.3939 [13488 voxels],0.441249 [12635 voxels],0.334685 [13909 voxels],0.457984 [10811 voxels],0.34797 [21586 voxels],0.359551 [2746 voxels],0.433674 [14037 voxels],0.572272 [4974 voxels],0.488477 [2568 voxels],0.523143 [12617 voxels],0.363319 [1547 voxels],0.432491 [5553 voxels],0.384443 [5066 voxels],0.381051 [17093 voxels],0.378232 [4478 voxels],0.350208 [1821 voxels],0.327685 [8200 voxels],0.354107 [3410 voxels],0.328519 [2076 voxels],0.443974 [1349 voxels],0.350812 [2056 voxels],0.318562 [275 voxels],0.355526 [15981 voxels],0.33938 [2377 voxels],0.340332 [3846 voxels],0.37159 [21246 voxels],0.325324 [23457 voxels],0.288116 [1096 voxels]
,,0.956664 [1979 voxels],0.956281 [8826 voxels],0.933621 [6190 voxels],0.00243398 [1665 voxels],0.767714 [4262 voxels],0.929141 [4819 voxels],0.0125092 [18464 voxels],0 [5640 voxels],1.46662e-07 [5153 voxels],0.533697 [79800 voxels],0.0992853 [4273 voxels],0.321631 [6557 voxels],0.171164 [42295 voxels],0.948568 [16349 voxels],0.99 [3860 voxels],0.99 [4695 voxels],0 [5733 voxels],0.984938 [5822 voxels],0.292573 [13488 voxels],0.207875 [12635 voxels],0.981812 [13909 voxels],0.126496 [10811 voxels],0.200543 [21586 voxels],0.462704 [2746 voxels],0.988143 [14037 voxels],0.440837 [4974 voxels],0.98988 [2568 voxels],0.99 [12617 voxels],0 [1547 voxels],0.771303 [5553 voxels],0.97314 [5066 voxels],0 [17093 voxels],0.989999 [4478 voxels],0.941011 [1821 voxels],0.855984 [8200 voxels],0.472502 [3410 voxels],0.99 [2076 voxels],0.989437 [1349 voxels],0.986312 [2056 voxels],0.99 [275 voxels],0 [15981 voxels],0.740522 [2377 voxels],0.501018 [3846 voxels],0.048177 [21246 voxels],0.624035 [23457 voxels],0.99 [1096 voxels]
,,0.276378 [1979 voxels],0.284731 [8826 voxels],0.277444 [6190 voxels],0.278407 [1665 voxels],0.478756 [4262 voxels],0.291986 [4819 voxels],0.330653 [18464 voxels],0.303859 [5640 voxels],0.27929 [5153 voxels],0.317272 [79800 voxels],0.271273 [4273 voxels],0.278122 [6557 voxels],0.298378 [42295 voxels],0.299582 [16349 voxels],0.389741 [3860 voxels],0.418456 [4695 voxels],0.374548 [5733 voxels],0.611915 [5822 voxels],0.318875 [13488 voxels],0.400858 [12635 voxels],0.326615 [13909 voxels],0.418479 [10811 voxels],0.328478 [21586 voxels],0.353977 [2746 voxels],0.389409 [14037 voxels],0.48354 [4974 voxels],0.481434 [2568 voxels],0.492247 [12617 voxels],0.328387 [1547 voxels],0.375179 [5553 voxels],0.37183 [5066 voxels],0.328357 [17093 voxels],0.353495 [4478 voxels],0.293319 [1821 voxels],0.338877 [8200 voxels],0.35513 [3410 voxels],0.347088 [2076 voxels],0.471153 [1349 voxels],0.335637 [2056 voxels],0.288661 [275 voxels],0.307874 [15981 voxels],0.275117 [2377 voxels],0.29197 [3846 voxels],0.331692 [21246 voxels],0.331999 [23457 voxels],0.294818 [1096 voxels]
,,0.258395 [1979 voxels],0.267548 [8826 voxels],0.266587 [6190 voxels],0.28691 [1665 voxels],0.360373 [4262 voxels],0.295934 [4819 voxels],0.341886 [18464 voxels],0.332052 [5640 voxels],0.272565 [5153 voxels],0.306317 [79800 voxels],0.263775 [4273 voxels],0.279197 [6557 voxels],0.297202 [42295 voxels],0.311071 [16349 voxels],0.388784 [3860 voxels],0.306197 [4695 voxels],0.429329 [5733 voxels],0.655044 [5822 voxels],0.37514 [13488 voxels],0.429679 [12635 voxels],0.331216 [13909 voxels],0.463054 [10811 voxels],0.355438 [21586 voxels],0.340426 [2746 voxels],0.407879 [14037 voxels],0.55662 [4974 voxels],0.652448 [2568 voxels],0.524952 [12617 voxels],0.383898 [1547 voxels],0.401715 [5553 voxels],0.388417 [5066 voxels],0.349079 [17093 voxels],0.35598 [4478 voxels],0.344448 [1821 voxels],0.339302 [8200 voxels],0.346814 [3410 voxels],0.364076 [2076 voxels],0.464625 [1349 voxels],0.325078 [2056 voxels],0.371409 [275 voxels],0.313538 [15981 voxels],0.302341 [2377 voxels],0.316986 [3846 voxels],0.346219 [21246 voxels],0.325392 [23457 voxels],0.253879 [1096 voxels]
,,0.299507 [1979 voxels],0.272126 [8826 voxels],0.267948 [6190 voxels],0.274427 [1665 voxels],0.311997 [4262 voxels],0.287492 [4819 voxels],0.326854 [18464 voxels],0.313963 [5640 voxels],0.270396 [5153 voxels],0.317998 [79800 voxels],0.263556 [4273 voxels],0.295888 [6557 voxels],0.288379 [42295 voxels],0.298639 [16349 voxels],0.350414 [3860 voxels],0.40795 [4695 voxels],0.341433 [5733 voxels],0.705775 [5822 voxels],0.346091 [13488 voxels],0.365551 [12635 voxels],0.320868 [13909 voxels],0.392805 [10811 voxels],0.310824 [21586 voxels],0.399173 [2746 voxels],0.442807 [14037 voxels],0.550712 [4974 voxels],0.421364 [2568 voxels],0.453514 [12617 voxels],0.278578 [1547 voxels],0.334714 [5553 voxels],0.324497 [5066 voxels],0.317754 [17093 voxels],0.340127 [4478 voxels],0.307047 [1821 voxels],0.31978 [8200 voxels],0.318646 [3410 voxels],0.331506 [2076 voxels],0.436825 [1349 voxels],0.349603 [2056 voxels],0.348779 [275 voxels],0.308529 [15981 voxels],0.297113 [2377 voxels],0.295196 [3846 voxels],0.332869 [21246 voxels],0.363022 [23457 voxels],0.276236 [1096 voxels]
,,0.277943 [1979 voxels],0.281842 [8826 voxels],0.28845 [6190 voxels],0.299488 [1665 voxels],0.411971 [4262 voxels],0.315256 [4819 voxels],0.357252 [18464 voxels],0.323616 [5640 voxels],0.286099 [5153 voxels],0.359629 [79800 voxels],0.265298 [4273 voxels],0.279016 [6557 voxels],0.289304 [42295 voxels],0.295608 [16349 voxels],0.371498 [3860 voxels],0.390711 [4695 voxels],0.415837 [5733 voxels],0.676319 [5822 voxels],0.400534 [13488 voxels],0.419128 [12635 voxels],0.336238 [13909 voxels],0.414957 [10811 voxels],0.331958 [21586 voxels],0.359524 [2746 voxels],0.447658 [14037 voxels],0.64645 [4974 voxels],0.456632 [2568 voxels],0.450437 [12617 voxels],0.420703 [1547 voxels],0.371108 [5553 voxels],0.347688 [5066 voxels],0.369296 [17093 voxels],0.342934 [4478 voxels],0.377166 [1821 voxels],0.335088 [8200 voxels],0.336882 [3410 voxels],0.344376 [2076 voxels],0.443603 [1349 voxels],0.325082 [2056 voxels],0.311443 [275 voxels],0.350005 [15981 voxels],0.328884 [2377 voxels],0.335557 [3846 voxels],0.369108 [21246 voxels],0.413638 [23457 voxels],0.28006 [1096 voxels]
,,0.32539 [1979 voxels],0.305765 [8826 voxels],0.30532 [6190 voxels],0.306104 [1665 voxels],0.411553 [4262 voxels],0.317109 [4819 voxels],0.375913 [18464 voxels],0.348141 [5640 voxels],0.307137 [5153 voxels],0.328986 [79800 voxels],0.296576 [4273 voxels],0.29388 [6557 voxels],0.320106 [42295 voxels],0.327237 [16349 voxels],0.412265 [3860 voxels],0.415988 [4695 voxels],0.382929 [5733 voxels],0.678651 [5822 voxels],0.350481 [13488 voxels],0.408961 [12635 voxels],0.352353 [13909 voxels],0.467043 [10811 voxels],0.369076 [21586 voxels],0.410653 [2746 voxels],0.456756 [14037 voxels],0.584453 [4974 voxels],0.633655 [2568 voxels],0.546671 [12617 voxels],0.392835 [1547 voxels],0.45429 [5553 voxels],0.417368 [5066 voxels],0.337728 [17093 voxels],0.388525 [4478 voxels],0.347091 [1821 voxels],0.353936 [8200 voxels],0.37994 [3410 voxels],0.365629 [2076 voxels],0.511821 [1349 voxels],0.387252 [2056 voxels],0.383262 [275 voxels],0.348897 [15981 voxels],0.343885 [2377 voxels],0.32107 [3846 voxels],0.368005 [21246 voxels],0.369808 [23457 voxels],0.319075 [1096 voxels]
,,0.286035 [1979 voxels],0.321133 [8826 voxels],0.299568 [6190 voxels],0.264347 [1665 voxels],0.432526 [4262 voxels],0.329758 [4819 voxels],0.384791 [18464 voxels],0.372032 [5640 voxels],0.314045 [5153 voxels],0.338926 [79800 voxels],0.302076 [4273 voxels],0.31509 [6557 voxels],0.31057 [42295 voxels],0.32748 [16349 voxels],0.389675 [3860 voxels],0.334524 [4695 voxels],0.39027 [5733 voxels],0.712605 [5822 voxels],0.339545 [13488 voxels],0.391093 [12635 voxels],0.357775 [13909 voxels],0.441284 [10811 voxels],0.345108 [21586 voxels],0.345227 [2746 voxels],0.484214 [14037 voxels],0.575437 [4974 voxels],0.640903 [2568 voxels],0.518961 [12617 voxels],0.272454 [1547 voxels],0.479058 [5553 voxels],0.402 [5066 voxels],0.346196 [17093 voxels],0.384632 [4478 voxels],0.361507 [1821 voxels],0.348994 [8200 voxels],0.361296 [3410 voxels],0.338851 [2076 voxels],0.492728 [1349 voxels],0.3742 [2056 voxels],0.34261 [275 voxels],0.341816 [15981 voxels],0.340895 [2377 voxels],0.326682 [3846 voxels],0.369377 [21246 voxels],0.364079 [23457 voxels],0.281897 [1096 voxels]
,,0.286747 [1979 voxels],0.295641 [8826 voxels],0.289192 [6190 voxels],0.305147 [1665 voxels],0.397298 [4262 voxels],0.333006 [4819 voxels],0.33083 [18464 voxels],0.322155 [5640 voxels],0.283741 [5153 voxels],0.287153 [79800 voxels],0.279074 [4273 voxels],0.30632 [6557 voxels],0.298362 [42295 voxels],0.311077 [16349 voxels],0.374922 [3860 voxels],0.337501 [4695 voxels],0.314578 [5733 voxels],0.514012 [5822 voxels],0.299404 [13488 voxels],0.348886 [12635 voxels],0.312421 [13909 voxels],0.38534 [10811 voxels],0.325421 [21586 voxels],0.374767 [2746 voxels],0.412823 [14037 voxels],0.537374 [4974 voxels],0.597935 [2568 voxels],0.507926 [12617 voxels],0.378915 [1547 voxels],0.453315 [5553 voxels],0.422124 [5066 voxels],0.30565 [17093 voxels],0.363492 [4478 voxels],0.290635 [1821 voxels],0.315818 [8200 voxels],0.33389 [3410 voxels],0.366172 [2076 voxels],0.461443 [1349 voxels],0.360102 [2056 voxels],0.393367 [275 voxels],0.308923 [15981 voxels],0.289205 [2377 voxels],0.290202 [3846 voxels],0.337076 [21246 voxels],0.364727 [23457 voxels],0.298372 [1096 voxels]
,,0.279453 [1979 voxels],0.311591 [8826 voxels],0.32484 [6190 voxels],0.260667 [1665 voxels],0.402688 [4262 voxels],0.332605 [4819 voxels],0.378718 [18464 voxels],0.333191 [5640 voxels],0.307072 [5153 voxels],0.371228 [79800 voxels],0.299407 [4273 voxels],0.296254 [6557 voxels],0.312823 [42295 voxels],0.331514 [16349 voxels],0.376506 [3860 voxels],0.420532 [4695 voxels],0.380589 [5733 voxels],0.636827 [5822 voxels],0.351857 [13488 voxels],0.407235 [12635 voxels],0.360821 [13909 voxels],0.424309 [10811 voxels],0.348603 [21586 voxels],0.342373 [2746 voxels],0.45103 [14037 voxels],0.538612 [4974 voxels],0.554302 [2568 voxels],0.482051 [12617 voxels],0.310372 [1547 voxels],0.415073 [5553 voxels],0.377429 [5066 voxels],0.355404 [17093 voxels],0.370084 [4478 voxels],0.360907 [1821 voxels],0.386829 [8200 voxels],0.36987 [3410 voxels],0.403672 [2076 voxels],0.48513 [1349 voxels],0.361523 [2056 voxels],0.286532 [275 voxels],0.360808 [15981 voxels],0.341213 [2377 voxels],0.32371 [3846 voxels],0.378774 [21246 voxels],0.354583 [23457 voxels],0.28344 [1096 voxels]
,,0.288649 [1979 voxels],0.294136 [8826 voxels],0.287033 [6190 voxels],0.300471 [1665 voxels],0.306703 [4262 voxels],0.310521 [4819 voxels],0.342812 [18464 voxels],0.300491 [5640 voxels],0.277152 [5153 voxels],0.292266 [79800 voxels],0.27444 [4273 voxels],0.294086 [6557 voxels],0.304245 [42295 voxels],0.301973 [16349 voxels],0.383492 [3860 voxels],0.368341 [4695 voxels],0.365677 [5733 voxels],0.700948 [5822 voxels],0.30637 [13488 voxels],0.395359 [12635 voxels],0.332675 [13909 voxels],0.471828 [10811 voxels],0.348314 [21586 voxels],0.36648 [2746 voxels],0.445525 [14037 voxels],0.584016 [4974 voxels],0.545823 [2568 voxels],0.498983 [12617 voxels],0.309686 [1547 voxels],0.398185 [5553 voxels],0.393889 [5066 voxels],0.334153 [17093 voxels],0.364934 [4478 voxels],0.350784 [1821 voxels],0.321191 [8200 voxels],0.34122 [3410 voxels],0.338407 [2076 voxels],0.445181 [1349 voxels],0.353228 [2056 voxels],0.335645 [275 voxels],0.310678 [15981 voxels],0.314798 [2377 voxels],0.323973 [3846 voxels],0.338545 [21246 voxels],0.385088 [23457 voxels],0.274345 [1096 voxels]
,,0.3005 [1979 voxels],0.288633 [8826 voxels],0.293308 [6190 voxels],0.314874 [1665 voxels],0.339754 [4262 voxels],0.314331 [4819 voxels],0.355895 [18464 voxels],0.345247 [5640 voxels],0.302203 [5153 voxels],0.301608 [79800 voxels],0.283976 [4273 voxels],0.29359 [6557 voxels],0.299448 [42295 voxels],0.314314 [16349 voxels],0.355957 [3860 voxels],0.426676 [4695 voxels],0.37665 [5733 voxels],0.663606 [5822 voxels],0.326308 [13488 voxels],0.362944 [12635 voxels],0.347913 [13909 voxels],0.439701 [10811 voxels],0.347718 [21586 voxels],0.366197 [2746 voxels],0.443528 [14037 voxels],0.515821 [4974 voxels],0.521718 [2568 voxels],0.513177 [12617 voxels],0.417438 [1547 voxels],0.410337 [5553 voxels],0.376992 [5066 voxels],0.335401 [17093 voxels],0.360494 [4478 voxels],0.361159 [1821 voxels],0.341862 [8200 voxels],0.357163 [3410 voxels],0.382193 [2076 voxels],0.517772 [1349 voxels],0.375873 [2056 voxels],0.313315 [275 voxels],0.338429 [15981 voxels],0.305431 [2377 voxels],0.305393 [3846 voxels],0.350821 [21246 voxels],0.31057 [23457 voxels],0.280278 [1096 voxels]
,,0.302268 [1979 voxels],0.282371 [8826 voxels],0.291164 [6190 voxels],0.278854 [1665 voxels],0.308403 [4262 voxels],0.306404 [4819 voxels],0.38653 [18464 voxels],0.377512 [5640 voxels],0.308752 [5153 voxels],0.379826 [79800 voxels],0.307898 [4273 voxels],0.304706 [6557 voxels],0.321005 [42295 voxels],0.318248 [16349 voxels],0.374618 [3860 voxels],0.329402 [4695 voxels],0.63643 [5733 voxels],0.650269 [5822 voxels],0.436472 [13488 voxels],0.460951 [12635 voxels],0.319627 [13909 voxels],0.387756 [10811 voxels],0.30768 [21586 voxels],0.374307 [2746 voxels],0.414414 [14037 voxels],0.548537 [4974 voxels],0.494841 [2568 voxels],0.474767 [12617 voxels],0.32442 [1547 voxels],0.369541 [5553 voxels],0.37796 [5066 voxels],0.5964 [17093 voxels],0.378826 [4478 voxels],0.327114 [1821 voxels],0.326405 [8200 voxels],0.344707 [3410 voxels],0.352269 [2076 voxels],0.420005 [1349 voxels],0.337589 [2056 voxels],0.32648 [275 voxels],0.375418 [15981 voxels],0.346937 [2377 voxels],0.317966 [3846 voxels],0.436834 [21246 voxels],0.344492 [23457 voxels],0.264912 [1096 voxels]
,,0.278216 [1979 voxels],0.269189 [8826 voxels],0.303866 [6190 voxels],0.277915 [1665 voxels],0.33363 [4262 voxels],0.303895 [4819 voxels],0.370439 [18464 voxels],0.334686 [5640 voxels],0.31058 [5153 voxels],0.308648 [79800 voxels],0.283202 [4273 voxels],0.295103 [6557 voxels],0.29724 [42295 voxels],0.307349 [16349 voxels],0.360217 [3860 voxels],0.406478 [4695 voxels],0.3816 [5733 voxels],0.618923 [5822 voxels],0.335639 [13488 voxels],0.371329 [12635 voxels],0.331262 [13909 voxels],0.405585 [10811 voxels],0.33269 [21586 voxels],0.398961 [2746 voxels],0.426876 [14037 voxels],0.576286 [4974 voxels],0.432271 [2568 voxels],0.435532 [12617 voxels],0.361983 [1547 voxels],0.34647 [5553 voxels],0.336513 [5066 voxels],0.342867 [17093 voxels],0.339165 [4478 voxels],0.328273 [1821 voxels],0.351892 [8200 voxels],0.363469 [3410 voxels],0.360011 [2076 voxels],0.452315 [1349 voxels],0.370516 [2056 voxels],0.305154 [275 voxels],0.33155 [15981 voxels],0.325107 [2377 voxels],0.317472 [3846 voxels],0.364974 [21246 voxels],0.366531 [23457 voxels],0.289021 [1096 voxels]
,,0.303665 [1979 voxels],0.302427 [8826 voxels],0.306268 [6190 voxels],0.319347 [1665 voxels],0.375587 [4262 voxels],0.309175 [4819 voxels],0.397861 [18464 voxels],0.3772 [5640 voxels],0.332502 [5153 voxels],0.317486 [79800 voxels],0.297862 [4273 voxels],0.301797 [6557 voxels],0.335106 [42295 voxels],0.343889 [16349 voxels],0.390411 [3860 voxels],0.40879 [4695 voxels],0.418747 [5733 voxels],0.711629 [5822 voxels],0.341176 [13488 voxels],0.4138 [12635 voxels],0.350954 [13909 voxels],0.453641 [10811 voxels],0.396333 [21586 voxels],0.41 [2746 voxels],0.454086 [14037 voxels],0.607921 [4974 voxels],0.548699 [2568 voxels],0.529914 [12617 voxels],0.411995 [1547 voxels],0.43597 [5553 voxels],0.420042 [5066 voxels],0.357006 [17093 voxels],0.391405 [4478 voxels],0.317989 [1821 voxels],0.358972 [8200 voxels],0.386351 [3410 voxels],0.373702 [2076 voxels],0.467839 [1349 voxels],0.404399 [2056 voxels],0.330911 [275 voxels],0.350532 [15981 voxels],0.335925 [2377 voxels],0.301832 [3846 voxels],0.409282 [21246 voxels],0.395702 [23457 voxels],0.302784 [1096 voxels]
,,0.279328 [1979 voxels],0.278791 [8826 voxels],0.280465 [6190 voxels],0.260496 [1665 voxels],0.302462 [4262 voxels],0.306312 [4819 voxels],0.398278 [18464 voxels],0.370156 [5640 voxels],0.324967 [5153 voxels],0.332383 [79800 voxels],0.293436 [4273 voxels],0.296264 [6557 voxels],0.313458 [42295 voxels],0.296456 [16349 voxels],0.347955 [3860 voxels],0.371841 [4695 voxels],0.45285 [5733 voxels],0.558666 [5822 voxels],0.35668 [13488 voxels],0.407659 [12635 voxels],0.316022 [13909 voxels],0.416738 [10811 voxels],0.344557 [21586 voxels],0.344657 [2746 voxels],0.372161 [14037 voxels],0.525807 [4974 voxels],0.45114 [2568 voxels],0.430095 [12617 voxels],0.302083 [1547 voxels],0.330643 [5553 voxels],0.331827 [5066 voxels],0.396706 [17093 voxels],0.320304 [4478 voxels],0.308858 [1821 voxels],0.33868 [8200 voxels],0.359573 [3410 voxels],0.348331 [2076 voxels],0.420661 [1349 voxels],0.324805 [2056 voxels],0.279942 [275 voxels],0.394338 [15981 voxels],0.335042 [2377 voxels],0.342364 [3846 voxels],0.409603 [21246 voxels],0.369188 [23457 voxels],0.262919 [1096 voxels]
,,0.276296 [1979 voxels],0.279164 [8826 voxels],0.285112 [6190 voxels],0.342588 [1665 voxels],0.316588 [4262 voxels],0.292606 [4819 voxels],0.353247 [18464 voxels],0.32876 [5640 voxels],0.28494 [5153 voxels],0.291811 [79800 voxels],0.280679 [4273 voxels],0.285907 [6557 voxels],0.292982 [42295 voxels],0.296365 [16349 voxels],0.416936 [3860 voxels],0.307121 [4695 voxels],0.381934 [5733 voxels],0.660243 [5822 voxels],0.311063 [13488 voxels],0.392142 [12635 voxels],0.326919 [13909 voxels],0.466499 [10811 voxels],0.350082 [21586 voxels],0.367902 [2746 voxels],0.446152 [14037 voxels],0.59729 [4974 voxels],0.580698 [2568 voxels],0.514261 [12617 voxels],0.399526 [1547 voxels],0.387122 [5553 voxels],0.363728 [5066 voxels],0.330486 [17093 voxels],0.348135 [4478 voxels],0.327046 [1821 voxels],0.314465 [8200 voxels],0.349669 [3410 voxels],0.335948 [2076 voxels],0.491638 [1349 voxels],0.362631 [2056 voxels],0.357277 [275 voxels],0.329143 [15981 voxels],0.302983 [2377 voxels],0.29538 [3846 voxels],0.35149 [21246 voxels],0.347884 [23457 voxels],0.277892 [1096 voxels]
,,0.285567 [1979 voxels],0.308928 [8826 voxels],0.307494 [6190 voxels],0.363011 [1665 voxels],0.36351 [4262 voxels],0.343208 [4819 voxels],0.406989 [18464 voxels],0.372155 [5640 voxels],0.318142 [5153 voxels],0.311904 [79800 voxels],0.288581 [4273 voxels],0.300038 [6557 voxels],0.329726 [42295 voxels],0.314535 [16349 voxels],0.376262 [3860 voxels],0.312059 [4695 voxels],0.446002 [5733 voxels],0.59509 [5822 voxels],0.332546 [13488 voxels],0.3971 [12635 voxels],0.348949 [13909 voxels],0.453178 [10811 voxels],0.377301 [21586 voxels],0.366002 [2746 voxels],0.394683 [14037 voxels],0.627443 [4974 voxels],0.634096 [2568 voxels],0.507067 [12617 voxels],0.438356 [1547 voxels],0.447803 [5553 voxels],0.405668 [5066 voxels],0.381716 [17093 voxels],0.366837 [4478 voxels],0.342156 [1821 voxels],0.359452 [8200 voxels],0.388241 [3410 voxels],0.377721 [2076 voxels],0.497558 [1349 voxels],0.392316 [2056 voxels],0.340378 [275 voxels],0.353215 [15981 voxels],0.308961 [2377 voxels],0.30541 [3846 voxels],0.4219 [21246 voxels],0.3811 [23457 voxels],0.299317 [1096 voxels]
,,0.299937 [1979 voxels],0.312088 [8826 voxels],0.304504 [6190 voxels],0.320586 [1665 voxels],0.363044 [4262 voxels],0.311855 [4819 voxels],0.424768 [18464 voxels],0.412954 [5640 voxels],0.31803 [5153 voxels],0.375323 [79800 voxels],0.315691 [4273 voxels],0.310483 [6557 voxels],0.338597 [42295 voxels],0.327904 [16349 voxels],0.351005 [3860 voxels],0.41927 [4695 voxels],0.453494 [5733 voxels],0.559424 [5822 voxels],0.366573 [13488 voxels],0.390369 [12635 voxels],0.330431 [13909 voxels],0.421562 [10811 voxels],0.361441 [21586 voxels],0.379948 [2746 voxels],0.407805 [14037 voxels],0.540319 [4974 voxels],0.421887 [2568 voxels],0.455536 [12617 voxels],0.338255 [1547 voxels],0.344395 [5553 voxels],0.337415 [5066 voxels],0.416048 [17093 voxels],0.360613 [4478 voxels],0.352461 [1821 voxels],0.355528 [8200 voxels],0.388143 [3410 voxels],0.360998 [2076 voxels],0.500696 [1349 voxels],0.374577 [2056 voxels],0.353473 [275 voxels],0.401693 [15981 voxels],0.35929 [2377 voxels],0.333216 [3846 voxels],0.427845 [21246 voxels],0.355636 [23457 voxels],0.297375 [1096 voxels]
,,0.296369 [1979 voxels],0.285338 [8826 voxels],0.279554 [6190 voxels],0.299991 [1665 voxels],0.304471 [4262 voxels],0.297024 [4819 voxels],0.345887 [18464 voxels],0.332003 [5640 voxels],0.288102 [5153 voxels],0.327001 [79800 voxels],0.277214 [4273 voxels],0.289738 [6557 voxels],0.29798 [42295 voxels],0.301152 [16349 voxels],0.339858 [3860 voxels],0.360399 [4695 voxels],0.369375 [5733 voxels],0.689981 [5822 voxels],0.348112 [13488 voxels],0.365882 [12635 voxels],0.303083 [13909 voxels],0.38857 [10811 voxels],0.311681 [21586 voxels],0.348414 [2746 voxels],0.434473 [14037 voxels],0.650094 [4974 voxels],0.466027 [2568 voxels],0.440873 [12617 voxels],0.435121 [1547 voxels],0.340874 [5553 voxels],0.323177 [5066 voxels],0.328827 [17093 voxels],0.318036 [4478 voxels],0.333974 [1821 voxels],0.331 [8200 voxels],0.333872 [3410 voxels],0.310758 [2076 voxels],0.410219 [1349 voxels],0.375954 [2056 voxels],0.292511 [275 voxels],0.338548 [15981 voxels],0.316722 [2377 voxels],0.308148 [3846 voxels],0.339007 [21246 voxels],0.377938 [23457 voxels],0.275712 [1096 voxels]
,,0.302186 [1979 voxels],0.288094 [8826 voxels],0.282662 [6190 voxels],0.282241 [1665 voxels],0.327971 [4262 voxels],0.301908 [4819 voxels],0.345753 [18464 voxels],0.327276 [5640 voxels],0.288193 [5153 voxels],0.300634 [79800 voxels],0.286106 [4273 voxels],0.280549 [6557 voxels],0.294529 [42295 voxels],0.302706 [16349 voxels],0.39263 [3860 voxels],0.331358 [4695 voxels],0.380626 [5733 voxels],0.703814 [5822 voxels],0.334344 [13488 voxels],0.385847 [12635 voxels],0.339381 [13909 voxels],0.461709 [10811 voxels],0.355613 [21586 voxels],0.346254 [2746 voxels],0.43578 [14037 voxels],0.604529 [4974 voxels],0.602085 [2568 voxels],0.546885 [12617 voxels],0.365051 [1547 voxels],0.411302 [5553 voxels],0.391861 [5066 voxels],0.308249 [17093 voxels],0.379921 [4478 voxels],0.306761 [1821 voxels],0.332913 [8200 voxels],0.363829 [3410 voxels],0.340589 [2076 voxels],0.452774 [1349 voxels],0.335605 [2056 voxels],0.326165 [275 voxels],0.310943 [15981 voxels],0.314168 [2377 voxels],0.293623 [3846 voxels],0.352161 [21246 voxels],0.345174 [23457 voxels],0.265422 [1096 voxels]
,,0.302251 [1979 voxels],0.305026 [8826 voxels],0.299718 [6190 voxels],0.306687 [1665 voxels],0.299394 [4262 voxels],0.309184 [4819 voxels],0.368854 [18464 voxels],0.354432 [5640 voxels],0.302712 [5153 voxels],0.336244 [79800 voxels],0.298287 [4273 voxels],0.307445 [6557 voxels],0.316142 [42295 voxels],0.31243 [16349 voxels],0.385403 [3860 voxels],0.489068 [4695 voxels],0.392163 [5733 voxels],0.749279 [5822 voxels],0.364334 [13488 voxels],0.434043 [12635 voxels],0.338963 [13909 voxels],0.423764 [10811 voxels],0.347269 [21586 voxels],0.33286 [2746 voxels],0.495836 [14037 voxels],0.54759 [4974 voxels],0.486541 [2568 voxels],0.474205 [12617 voxels],0.362975 [1547 voxels],0.374949 [5553 voxels],0.369647 [5066 voxels],0.353313 [17093 voxels],0.358595 [4478 voxels],0.334977 [1821 voxels],0.347706 [8200 voxels],0.387528 [3410 voxels],0.38672 [2076 voxels],0.499671 [1349 voxels],0.361668 [2056 voxels],0.290762 [275 voxels],0.338132 [15981 voxels],0.313288 [2377 voxels],0.322887 [3846 voxels],0.367927 [21246 voxels],0.35046 [23457 voxels],0.289323 [1096 voxels]
,,0.276575 [1979 voxels],0.282647 [8826 voxels],0.289389 [6190 voxels],0.253437 [1665 voxels],0.326569 [4262 voxels],0.29784 [4819 voxels],0.343293 [18464 voxels],0.31032 [5640 voxels],0.296279 [5153 voxels],0.306937 [79800 voxels],0.284221 [4273 voxels],0.281094 [6557 voxels],0.289806 [42295 voxels],0.294945 [16349 voxels],0.349964 [3860 voxels],0.347427 [4695 voxels],0.34494 [5733 voxels],0.636914 [5822 voxels],0.323743 [13488 voxels],0.364505 [12635 voxels],0.320104 [13909 voxels],0.389034 [10811 voxels],0.322877 [21586 voxels],0.342152 [2746 voxels],0.409747 [14037 voxels],0.569797 [4974 voxels],0.440085 [2568 voxels],0.440745 [12617 voxels],0.29203 [1547 voxels],0.398842 [5553 voxels],0.345953 [5066 voxels],0.322211 [17093 voxels],0.317284 [4478 voxels],0.331261 [1821 voxels],0.319145 [8200 voxels],0.338859 [3410 voxels],0.313889 [2076 voxels],0.448032 [1349 voxels],0.326833 [2056 voxels],0.272466 [275 voxels],0.305181 [15981 voxels],0.307358 [2377 voxels],0.307307 [3846 voxels],0.336308 [21246 voxels],0.381154 [23457 voxels],0.275755 [1096 voxels]
,,0.312811 [1979 voxels],0.288393 [8826 voxels],0.312174 [6190 voxels],0.291581 [1665 voxels],0.355307 [4262 voxels],0.321389 [4819 voxels],0.383503 [18464 voxels],0.382084 [5640 voxels],0.32094 [5153 voxels],0.37407 [79800 voxels],0.303287 [4273 voxels],0.314436 [6557 voxels],0.319291 [42295 voxels],0.321588 [16349 voxels],0.378403 [3860 voxels],0.380143 [4695 voxels],0.445005 [5733 voxels],0.582872 [5822 voxels],0.367963 [13488 voxels],0.394773 [12635 voxels],0.319479 [13909 voxels],0.430893 [10811 voxels],0.367458 [21586 voxels],0.373109 [2746 voxels],0.382373 [14037 voxels],0.551732 [4974 voxels],0.474989 [2568 voxels],0.51044 [12617 voxels],0.301088 [1547 voxels],0.406018 [5553 voxels],0.377648 [5066 voxels],0.411365 [17093 voxels],0.386226 [4478 voxels],0.31383 [1821 voxels],0.33649 [8200 voxels],0.366001 [3410 voxels],0.328772 [2076 voxels],0.408616 [1349 voxels],0.366629 [2056 voxels],0.335085 [275 voxels],0.370461 [15981 voxels],0.325458 [2377 voxels],0.31116 [3846 voxels],0.393456 [21246 voxels],0.334512 [23457 voxels],0.285677 [1096 voxels]
,,0.270931 [1979 voxels],0.291818 [8826 voxels],0.318205 [6190 voxels],0.294882 [1665 voxels],0.324432 [4262 voxels],0.306409 [4819 voxels],0.415165 [18464 voxels],0.401562 [5640 voxels],0.313882 [5153 voxels],0.455174 [79800 voxels],0.316101 [4273 voxels],0.312234 [6557 voxels],0.330827 [42295 voxels],0.308215 [16349 voxels],0.323818 [3860 voxels],0.532239 [4695 voxels],0.452181 [5733 voxels],0.658635 [5822 voxels],0.427752 [13488 voxels],0.421802 [12635 voxels],0.328831 [13909 voxels],0.435057 [10811 voxels],0.342599 [21586 voxels],0.36049 [2746 voxels],0.463008 [14037 voxels],0.518443 [4974 voxels],0.503053 [2568 voxels],0.456365 [12617 voxels],0.349761 [1547 voxels],0.332858 [5553 voxels],0.34297 [5066 voxels],0.447323 [17093 voxels],0.358214 [4478 voxels],0.343256 [1821 voxels],0.351433 [8200 voxels],0.348221 [3410 voxels],0.333816 [2076 voxels],0.43262 [1349 voxels],0.336171 [2056 voxels],0.30569 [275 voxels],0.421117 [15981 voxels],0.381434 [2377 voxels],0.351712 [3846 voxels],0.399328 [21246 voxels],0.35404 [23457 voxels],0.298931 [1096 voxels]
,,0.25348 [1979 voxels],0.29514 [8826 voxels],0.294008 [6190 voxels],0.33849 [1665 voxels],0.310963 [4262 voxels],0.308322 [4819 voxels],0.351472 [18464 voxels],0.337548 [5640 voxels],0.29735 [5153 voxels],0.299119 [79800 voxels],0.297464 [4273 voxels],0.299767 [6557 voxels],0.297765 [42295 voxels],0.30377 [16349 voxels],0.394177 [3860 voxels],0.433126 [4695 voxels],0.359754 [5733 voxels],0.701092 [5822 voxels],0.346992 [13488 voxels],0.418972 [12635 voxels],0.350526 [13909 voxels],0.451394 [10811 voxels],0.349613 [21586 voxels],0.347281 [2746 voxels],0.466232 [14037 voxels],0.598703 [4974 voxels],0.551757 [2568 voxels],0.502864 [12617 voxels],0.356218 [1547 voxels],0.43082 [5553 voxels],0.398754 [5066 voxels],0.308741 [17093 voxels],0.358171 [4478 voxels],0.359641 [1821 voxels],0.383494 [8200 voxels],0.382028 [3410 voxels],0.39736 [2076 voxels],0.526216 [1349 voxels],0.366273 [2056 voxels],0.349225 [275 voxels],0.320309 [15981 voxels],0.300213 [2377 voxels],0.330728 [3846 voxels],0.350439 [21246 voxels],0.35067 [23457 voxels],0.292824 [1096 voxels]
,,0.263931 [1979 voxels],0.250179 [8826 voxels],0.270385 [6190 voxels],0.262477 [1665 voxels],0.296504 [4262 voxels],0.299739 [4819 voxels],0.34024 [18464 voxels],0.316533 [5640 voxels],0.270051 [5153 voxels],0.318496 [79800 voxels],0.276169 [4273 voxels],0.267676 [6557 voxels],0.282424 [42295 voxels],0.286758 [16349 voxels],0.348343 [3860 voxels],0.279629 [4695 voxels],0.365914 [5733 voxels],0.640821 [5822 voxels],0.349855 [13488 voxels],0.37764 [12635 voxels],0.332515 [13909 voxels],0.390358 [10811 voxels],0.305426 [21586 voxels],0.351497 [2746 voxels],0.409997 [14037 voxels],0.570564 [4974 voxels],0.454296 [2568 voxels],0.422986 [12617 voxels],0.307191 [1547 voxels],0.348761 [5553 voxels],0.332531 [5066 voxels],0.353956 [17093 voxels],0.323629 [4478 voxels],0.322248 [1821 voxels],0.304289 [8200 voxels],0.327985 [3410 voxels],0.34526 [2076 voxels],0.439508 [1349 voxels],0.323522 [2056 voxels],0.305449 [275 voxels],0.314919 [15981 voxels],0.304858 [2377 voxels],0.292575 [3846 voxels],0.335242 [21246 voxels],0.340119 [23457 voxels],0.268964 [1096 voxels]
,,0.297875 [1979 voxels],0.286081 [8826 voxels],0.27656 [6190 voxels],0.231948 [1665 voxels],0.337983 [4262 voxels],0.308865 [4819 voxels],0.330481 [18464 voxels],0.320917 [5640 voxels],0.282278 [5153 voxels],0.320547 [79800 voxels],0.273161 [4273 voxels],0.278973 [6557 voxels],0.290446 [42295 voxels],0.290754 [16349 voxels],0.347638 [3860 voxels],0.387547 [4695 voxels],0.333538 [5733 voxels],0.644526 [5822 voxels],0.326578 [13488 voxels],0.376078 [12635 voxels],0.33106 [13909 voxels],0.388649 [10811 voxels],0.315494 [21586 voxels],0.342695 [2746 voxels],0.41472 [14037 voxels],0.541255 [4974 voxels],0.443003 [2568 voxels],0.425779 [12617 voxels],0.302681 [1547 voxels],0.344743 [5553 voxels],0.329906 [5066 voxels],0.313917 [17093 voxels],0.325184 [4478 voxels],0.338446 [1821 voxels],0.333447 [8200 voxels],0.316192 [3410 voxels],0.354299 [2076 voxels],0.437402 [1349 voxels],0.325171 [2056 voxels],0.306439 [275 voxels],0.326757 [15981 voxels],0.310343 [2377 voxels],0.305022 [3846 voxels],0.341255 [21246 voxels],0.388 [23457 voxels],0.279461 [1096 voxels]
,,0.301249 [1979 voxels],0.299516 [8826 voxels],0.297349 [6190 voxels],0.325806 [1665 voxels],0.357836 [4262 voxels],0.304381 [4819 voxels],0.366026 [18464 voxels],0.328101 [5640 voxels],0.309838 [5153 voxels],0.310638 [79800 voxels],0.291618 [4273 voxels],0.292601 [6557 voxels],0.299714 [42295 voxels],0.308801 [16349 voxels],0.352689 [3860 voxels],0.410954 [4695 voxels],0.366197 [5733 voxels],0.792501 [5822 voxels],0.346175 [13488 voxels],0.390002 [12635 voxels],0.36908 [13909 voxels],0.426644 [10811 voxels],0.33402 [21586 voxels],0.342992 [2746 voxels],0.546039 [14037 voxels],0.660455 [4974 voxels],0.471123 [2568 voxels],0.436488 [12617 voxels],0.378765 [1547 voxels],0.387678 [5553 voxels],0.353578 [5066 voxels],0.321512 [17093 voxels],0.333677 [4478 voxels],0.400899 [1821 voxels],0.378993 [8200 voxels],0.363194 [3410 voxels],0.372821 [2076 voxels],0.517642 [1349 voxels],0.364091 [2056 voxels],0.378485 [275 voxels],0.336623 [15981 voxels],0.323215 [2377 voxels],0.315907 [3846 voxels],0.35311 [21246 voxels],0.403983 [23457 voxels],0.283677 [1096 voxels]
,,0.283758 [1979 voxels],0.297196 [8826 voxels],0.289584 [6190 voxels],0.28783 [1665 voxels],0.354603 [4262 voxels],0.334758 [4819 voxels],0.386388 [18464 voxels],0.386661 [5640 voxels],0.307569 [5153 voxels],0.347308 [79800 voxels],0.284189 [4273 voxels],0.303489 [6557 voxels],0.318202 [42295 voxels],0.328254 [16349 voxels],0.424576 [3860 voxels],0.281255 [4695 voxels],0.458286 [5733 voxels],0.613528 [5822 voxels],0.386016 [13488 voxels],0.419097 [12635 voxels],0.327903 [13909 voxels],0.456286 [10811 voxels],0.351197 [21586 voxels],0.369654 [2746 voxels],0.418333 [14037 voxels],0.531307 [4974 voxels],0.531668 [2568 voxels],0.51542 [12617 voxels],0.344732 [1547 voxels],0.380169 [5553 voxels],0.388648 [5066 voxels],0.404441 [17093 voxels],0.38009 [4478 voxels],0.35922 [1821 voxels],0.342152 [8200 voxels],0.344873 [3410 voxels],0.358228 [2076 voxels],0.460578 [1349 voxels],0.352028 [2056 voxels],0.323179 [275 voxels],0.374332 [15981 voxels],0.327681 [2377 voxels],0.33381 [3846 voxels],0.409372 [21246 voxels],0.322563 [23457 voxels],0.275857 [1096 voxels]
,,0.283429 [1979 voxels],0.263779 [8826 voxels],0.278553 [6190 voxels],0.275124 [1665 voxels],0.331795 [4262 voxels],0.310359 [4819 voxels],0.351557 [18464 voxels],0.32567 [5640 voxels],0.288778 [5153 voxels],0.318841 [79800 voxels],0.264664 [4273 voxels],0.276722 [6557 voxels],0.296365 [42295 voxels],0.290445 [16349 voxels],0.373258 [3860 voxels],0.339833 [4695 voxels],0.427828 [5733 voxels],0.646644 [5822 voxels],0.364434 [13488 voxels],0.410191 [12635 voxels],0.338434 [13909 voxels],0.450059 [10811 voxels],0.347899 [21586 voxels],0.386921 [2746 voxels],0.418681 [14037 voxels],0.606778 [4974 voxels],0.557986 [2568 voxels],0.508568 [12617 voxels],0.365729 [1547 voxels],0.387211 [5553 voxels],0.390875 [5066 voxels],0.36558 [17093 voxels],0.345678 [4478 voxels],0.359859 [1821 voxels],0.328482 [8200 voxels],0.33342 [3410 voxels],0.351181 [2076 voxels],0.422532 [1349 voxels],0.339105 [2056 voxels],0.311074 [275 voxels],0.352601 [15981 voxels],0.333799 [2377 voxels],0.314061 [3846 voxels],0.373086 [21246 voxels],0.337207 [23457 voxels],0.269554 [1096 voxels]
,,0.287519 [1979 voxels],0.274353 [8826 voxels],0.291003 [6190 voxels],0.278212 [1665 voxels],0.293129 [4262 voxels],0.296119 [4819 voxels],0.357034 [18464 voxels],0.335949 [5640 voxels],0.28448 [5153 voxels],0.313159 [79800 voxels],0.276744 [4273 voxels],0.283783 [6557 voxels],0.296779 [42295 voxels],0.317305 [16349 voxels],0.358045 [3860 voxels],0.31654 [4695 voxels],0.391481 [5733 voxels],0.558171 [5822 voxels],0.33563 [13488 voxels],0.39622 [12635 voxels],0.318487 [13909 voxels],0.388529 [10811 voxels],0.314485 [21586 voxels],0.366822 [2746 voxels],0.413097 [14037 voxels],0.506265 [4974 voxels],0.489124 [2568 voxels],0.427941 [12617 voxels],0.258366 [1547 voxels],0.339155 [5553 voxels],0.331569 [5066 voxels],0.343526 [17093 voxels],0.336415 [4478 voxels],0.323756 [1821 voxels],0.33353 [8200 voxels],0.322528 [3410 voxels],0.320997 [2076 voxels],0.473921 [1349 voxels],0.334251 [2056 voxels],0.331266 [275 voxels],0.339136 [15981 voxels],0.319736 [2377 voxels],0.323772 [3846 voxels],0.371845 [21246 voxels],0.334488 [23457 voxels],0.287618 [1096 voxels]
,,0.274712 [1979 voxels],0.27724 [8826 voxels],0.30406 [6190 voxels],0.26632 [1665 voxels],0.334907 [4262 voxels],0.337222 [4819 voxels],0.360461 [18464 voxels],0.331244 [5640 voxels],0.29899 [5153 voxels],0.332953 [79800 voxels],0.27505 [4273 voxels],0.301325 [6557 voxels],0.298198 [42295 voxels],0.311756 [16349 voxels],0.368118 [3860 voxels],0.520804 [4695 voxels],0.357829 [5733 voxels],0.67161 [5822 voxels],0.353113 [13488 voxels],0.39766 [12635 voxels],0.327789 [13909 voxels],0.374535 [10811 voxels],0.316272 [21586 voxels],0.386792 [2746 voxels],0.442722 [14037 voxels],0.502933 [4974 voxels],0.465241 [2568 voxels],0.462325 [12617 voxels],0.277314 [1547 voxels],0.37971 [5553 voxels],0.367716 [5066 voxels],0.346078 [17093 voxels],0.350952 [4478 voxels],0.330466 [1821 voxels],0.339264 [8200 voxels],0.333119 [3410 voxels],0.37485 [2076 voxels],0.528303 [1349 voxels],0.386444 [2056 voxels],0.336646 [275 voxels],0.322022 [15981 voxels],0.305187 [2377 voxels],0.309861 [3846 voxels],0.355213 [21246 voxels],0.321095 [23457 voxels],0.284058 [1096 voxels]
,,0.25407 [1979 voxels],0.295213 [8826 voxels],0.29162 [6190 voxels],0.287196 [1665 voxels],0.406055 [4262 voxels],0.295749 [4819 voxels],0.393213 [18464 voxels],0.371563 [5640 voxels],0.322071 [5153 voxels],0.323957 [79800 voxels],0.293487 [4273 voxels],0.303966 [6557 voxels],0.315639 [42295 voxels],0.313014 [16349 voxels],0.365212 [3860 voxels],0.37553 [4695 voxels],0.436872 [5733 voxels],0.688779 [5822 voxels],0.358778 [13488 voxels],0.418422 [12635 voxels],0.345831 [13909 voxels],0.456809 [10811 voxels],0.348491 [21586 voxels],0.360052 [2746 voxels],0.470155 [14037 voxels],0.610183 [4974 voxels],0.442416 [2568 voxels],0.451712 [12617 voxels],0.313967 [1547 voxels],0.413215 [5553 voxels],0.360357 [5066 voxels],0.36797 [17093 voxels],0.357051 [4478 voxels],0.331743 [1821 voxels],0.344749 [8200 voxels],0.353069 [3410 voxels],0.332462 [2076 voxels],0.508583 [1349 voxels],0.364414 [2056 voxels],0.312129 [275 voxels],0.339214 [15981 voxels],0.326022 [2377 voxels],0.331399 [3846 voxels],0.399039 [21246 voxels],0.363577 [23457 voxels],0.294616 [1096 voxels]
,,0.293722 [1979 voxels],0.310757 [8826 voxels],0.300852 [6190 voxels],0.273634 [1665 voxels],0.324732 [4262 voxels],0.336331 [4819 voxels],0.360448 [18464 voxels],0.329865 [5640 voxels],0.307834 [5153 voxels],0.371276 [79800 voxels],0.285427 [4273 voxels],0.310706 [6557 voxels],0.313184 [42295 voxels],0.327977 [16349 voxels],0.39005 [3860 voxels],0.455936 [4695 voxels],0.343191 [5733 voxels],0.694603 [5822 voxels],0.395403 [13488 voxels],0.472714 [12635 voxels],0.369494 [13909 voxels],0.43896 [10811 voxels],0.344021 [21586 voxels],0.362181 [2746 voxels],0.482914 [14037 voxels],0.535583 [4974 voxels],0.572015 [2568 voxels],0.519144 [12617 voxels],0.342924 [1547 voxels],0.440914 [5553 voxels],0.404264 [5066 voxels],0.334624 [17093 voxels],0.389526 [4478 voxels],0.401142 [1821 voxels],0.378826 [8200 voxels],0.375485 [3410 voxels],0.392813 [2076 voxels],0.504411 [1349 voxels],0.375126 [2056 voxels],0.323215 [275 voxels],0.328464 [15981 voxels],0.361892 [2377 voxels],0.359952 [3846 voxels],0.35578 [21246 voxels],0.355174 [23457 voxels],0.294221 [1096 voxels]
,,0.299573 [1979 voxels],0.292328 [8826 voxels],0.294428 [6190 voxels],0.31208 [1665 voxels],0.355497 [4262 voxels],0.314671 [4819 voxels],0.390625 [18464 voxels],0.364308 [5640 voxels],0.310061 [5153 voxels],0.328429 [79800 voxels],0.293756 [4273 voxels],0.315489 [6557 voxels],0.324896 [42295 voxels],0.337331 [16349 voxels],0.359892 [3860 voxels],0.366958 [4695 voxels],0.39569 [5733 voxels],0.584252 [5822 voxels],0.353003 [13488 voxels],0.415138 [12635 voxels],0.334145 [13909 voxels],0.472588 [10811 voxels],0.36099 [21586 voxels],0.404176 [2746 voxels],0.403981 [14037 voxels],0.508201 [4974 voxels],0.523849 [2568 voxels],0.486201 [12617 voxels],0.46428 [1547 voxels],0.386372 [5553 voxels],0.352619 [5066 voxels],0.356813 [17093 voxels],0.373294 [4478 voxels],0.332313 [1821 voxels],0.353376 [8200 voxels],0.377982 [3410 voxels],0.369135 [2076 voxels],0.466207 [1349 voxels],0.367461 [2056 voxels],0.319659 [275 voxels],0.338472 [15981 voxels],0.354025 [2377 voxels],0.327836 [3846 voxels],0.385986 [21246 voxels],0.342031 [23457 voxels],0.280937 [1096 voxels]
,,0.326802 [1979 voxels],0.313047 [8826 voxels],0.319881 [6190 voxels],0.304251 [1665 voxels],0.362611 [4262 voxels],0.316288 [4819 voxels],0.392807 [18464 voxels],0.362308 [5640 voxels],0.31905 [5153 voxels],0.328355 [79800 voxels],0.305146 [4273 voxels],0.302104 [6557 voxels],0.320031 [42295 voxels],0.317583 [16349 voxels],0.398789 [3860 voxels],0.353693 [4695 voxels],0.406195 [5733 voxels],0.61254 [5822 voxels],0.339833 [13488 voxels],0.385607 [12635 voxels],0.344155 [13909 voxels],0.420952 [10811 voxels],0.35074 [21586 voxels],0.374477 [2746 voxels],0.42993 [14037 voxels],0.605127 [4974 voxels],0.482903 [2568 voxels],0.440475 [12617 voxels],0.325879 [1547 voxels],0.409952 [5553 voxels],0.377785 [5066 voxels],0.355151 [17093 voxels],0.349674 [4478 voxels],0.383291 [1821 voxels],0.366625 [8200 voxels],0.381644 [3410 voxels],0.355927 [2076 voxels],0.505154 [1349 voxels],0.397476 [2056 voxels],0.325653 [275 voxels],0.360668 [15981 voxels],0.353625 [2377 voxels],0.332206 [3846 voxels],0.400058 [21246 voxels],0.378992 [23457 voxels],0.300332 [1096 voxels]
,,0.284426 [1979 voxels],0.286901 [8826 voxels],0.298893 [6190 voxels],0.277051 [1665 voxels],0.31587 [4262 voxels],0.319781 [4819 voxels],0.382844 [18464 voxels],0.357627 [5640 voxels],0.313215 [5153 voxels],0.34337 [79800 voxels],0.286516 [4273 voxels],0.291549 [6557 voxels],0.318604 [42295 voxels],0.334378 [16349 voxels],0.33571 [3860 voxels],0.373833 [4695 voxels],0.406148 [5733 voxels],0.64789 [5822 voxels],0.377318 [13488 voxels],0.391817 [12635 voxels],0.330802 [13909 voxels],0.437349 [10811 voxels],0.351056 [21586 voxels],0.376099 [2746 voxels],0.440265 [14037 voxels],0.576344 [4974 voxels],0.459876 [2568 voxels],0.425544 [12617 voxels],0.29613 [1547 voxels],0.363319 [5553 voxels],0.350728 [5066 voxels],0.375612 [17093 voxels],0.345717 [4478 voxels],0.353244 [1821 voxels],0.358598 [8200 voxels],0.3555 [3410 voxels],0.356688 [2076 voxels],0.446235 [1349 voxels],0.337803 [2056 voxels],0.318855 [275 voxels],0.35079 [15981 voxels],0.345802 [2377 voxels],0.340159 [3846 voxels],0.380622 [21246 voxels],0.381145 [23457 voxels],0.29162 [1096 voxels]
,,0.346687 [1979 voxels],0.292854 [8826 voxels],0.323987 [6190 voxels],0.269297 [1665 voxels],0.371637 [4262 voxels],0.313787 [4819 voxels],0.377575 [18464 voxels],0.330336 [5640 voxels],0.317503 [5153 voxels],0.346371 [79800 voxels],0.308629 [4273 voxels],0.324802 [6557 voxels],0.311459 [42295 voxels],0.31953 [16349 voxels],0.341537 [3860 voxels],0.414368 [4695 voxels],0.42615 [5733 voxels],0.745673 [5822 voxels],0.367969 [13488 voxels],0.411303 [12635 voxels],0.348749 [13909 voxels],0.392053 [10811 voxels],0.338402 [21586 voxels],0.339731 [2746 voxels],0.474296 [14037 voxels],0.551242 [4974 voxels],0.477336 [2568 voxels],0.436069 [12617 voxels],0.368593 [1547 voxels],0.383931 [5553 voxels],0.358144 [5066 voxels],0.39259 [17093 voxels],0.352677 [4478 voxels],0.359338 [1821 voxels],0.348814 [8200 voxels],0.368717 [3410 voxels],0.355312 [2076 voxels],0.462643 [1349 voxels],0.347975 [2056 voxels],0.298858 [275 voxels],0.407689 [15981 voxels],0.357149 [2377 voxels],0.344405 [3846 voxels],0.387268 [21246 voxels],0.431485 [23457 voxels],0.300527 [1096 voxels]
,,0.288471 [1979 voxels],0.287072 [8826 voxels],0.282638 [6190 voxels],0.250162 [1665 voxels],0.3203 [4262 voxels],0.297746 [4819 voxels],0.36379 [18464 voxels],0.348245 [5640 voxels],0.292332 [5153 voxels],0.353343 [79800 voxels],0.279014 [4273 voxels],0.301232 [6557 voxels],0.301335 [42295 voxels],0.307724 [16349 voxels],0.367453 [3860 voxels],0.336321 [4695 voxels],0.400403 [5733 voxels],0.676162 [5822 voxels],0.399786 [13488 voxels],0.437926 [12635 voxels],0.327006 [13909 voxels],0.438849 [10811 voxels],0.324335 [21586 voxels],0.362526 [2746 voxels],0.44363 [14037 voxels],0.580357 [4974 voxels],0.437086 [2568 voxels],0.458777 [12617 voxels],0.354708 [1547 voxels],0.350995 [5553 voxels],0.324341 [5066 voxels],0.362133 [17093 voxels],0.339984 [4478 voxels],0.350122 [1821 voxels],0.342274 [8200 voxels],0.355111 [3410 voxels],0.361963 [2076 voxels],0.392145 [1349 voxels],0.345116 [2056 voxels],0.348506 [275 voxels],0.346365 [15981 voxels],0.313616 [2377 voxels],0.316166 [3846 voxels],0.364025 [21246 voxels],0.337802 [23457 voxels],0.268165 [1096 voxels]
,,0.29678 [1979 voxels],0.313198 [8826 voxels],0.292099 [6190 voxels],0.289911 [1665 voxels],0.357506 [4262 voxels],0.291104 [4819 voxels],0.383871 [18464 voxels],0.348762 [5640 voxels],0.299836 [5153 voxels],0.364399 [79800 voxels],0.296357 [4273 voxels],0.3143 [6557 voxels],0.316553 [42295 voxels],0.32307 [16349 voxels],0.392765 [3860 voxels],0.500825 [4695 voxels],0.405017 [5733 voxels],0.68421 [5822 voxels],0.37694 [13488 voxels],0.44844 [12635 voxels],0.352321 [13909 voxels],0.46536 [10811 voxels],0.360429 [21586 voxels],0.446894 [2746 voxels],0.484622 [14037 voxels],0.592799 [4974 voxels],0.433712 [2568 voxels],0.506206 [12617 voxels],0.350395 [1547 voxels],0.403438 [5553 voxels],0.35783 [5066 voxels],0.380633 [17093 voxels],0.366228 [4478 voxels],0.355361 [1821 voxels],0.364455 [8200 voxels],0.353894 [3410 voxels],0.380416 [2076 voxels],0.491885 [1349 voxels],0.35052 [2056 voxels],0.357129 [275 voxels],0.379039 [15981 voxels],0.348222 [2377 voxels],0.327968 [3846 voxels],0.406322 [21246 voxels],0.385666 [23457 voxels],0.300128 [1096 voxels]
,,0.27596 [1979 voxels],0.296523 [8826 voxels],0.303942 [6190 voxels],0.346913 [1665 voxels],0.375837 [4262 voxels],0.332906 [4819 voxels],0.38162 [18464 voxels],0.375385 [5640 voxels],0.303652 [5153 voxels],0.313226 [79800 voxels],0.293481 [4273 voxels],0.301647 [6557 voxels],0.319246 [42295 voxels],0.328525 [16349 voxels],0.414974 [3860 voxels],0.336291 [4695 voxels],0.381905 [5733 voxels],0.697871 [5822 voxels],0.346221 [13488 voxels],0.402284 [12635 voxels],0.342399 [13909 voxels],0.443139 [10811 voxels],0.360521 [21586 voxels],0.387067 [2746 voxels],0.472807 [14037 voxels],0.505714 [4974 voxels],0.603405 [2568 voxels],0.506473 [12617 voxels],0.392228 [1547 voxels],0.427264 [5553 voxels],0.380078 [5066 voxels],0.345021 [17093 voxels],0.337452 [4478 voxels],0.315638 [1821 voxels],0.348758 [8200 voxels],0.355888 [3410 voxels],0.313489 [2076 voxels],0.503588 [1349 voxels],0.357722 [2056 voxels],0.491458 [275 voxels],0.338575 [15981 voxels],0.32814 [2377 voxels],0.336951 [3846 voxels],0.388846 [21246 voxels],0.358493 [23457 voxels],0.289285 [1096 voxels]
,,0.291687 [1979 voxels],0.277779 [8826 voxels],0.288236 [6190 voxels],0.265656 [1665 voxels],0.296931 [4262 voxels],0.305522 [4819 voxels],0.34608 [18464 voxels],0.327449 [5640 voxels],0.288826 [5153 voxels],0.325305 [79800 voxels],0.273481 [4273 voxels],0.282448 [6557 voxels],0.296245 [42295 voxels],0.312204 [16349 voxels],0.354894 [3860 voxels],0.366156 [4695 voxels],0.346834 [5733 voxels],0.658175 [5822 voxels],0.328863 [13488 voxels],0.367627 [12635 voxels],0.319139 [13909 voxels],0.40361 [10811 voxels],0.3142 [21586 voxels],0.364732 [2746 voxels],0.412988 [14037 voxels],0.547818 [4974 voxels],0.43002 [2568 voxels],0.404595 [12617 voxels],0.405551 [1547 voxels],0.363731 [5553 voxels],0.33997 [5066 voxels],0.327582 [17093 voxels],0.335319 [4478 voxels],0.315972 [1821 voxels],0.313239 [8200 voxels],0.324638 [3410 voxels],0.355034 [2076 voxels],0.432865 [1349 voxels],0.338949 [2056 voxels],0.303117 [275 voxels],0.318353 [15981 voxels],0.319498 [2377 voxels],0.295225 [3846 voxels],0.33894 [21246 voxels],0.372846 [23457 voxels],0.28371 [1096 voxels]
,,0.277677 [1979 voxels],0.306282 [8826 voxels],0.286298 [6190 voxels],0.308888 [1665 voxels],0.345382 [4262 voxels],0.340591 [4819 voxels],0.390345 [18464 voxels],0.360671 [5640 voxels],0.311704 [5153 voxels],0.349795 [79800 voxels],0.305698 [4273 voxels],0.290426 [6557 voxels],0.307847 [42295 voxels],0.305109 [16349 voxels],0.404994 [3860 voxels],0.363359 [4695 voxels],0.462226 [5733 voxels],0.658215 [5822 voxels],0.389978 [13488 voxels],0.430568 [12635 voxels],0.353178 [13909 voxels],0.439661 [10811 voxels],0.352089 [21586 voxels],0.34863 [2746 voxels],0.435993 [14037 voxels],0.572664 [4974 voxels],0.563974 [2568 voxels],0.465579 [12617 voxels],0.403094 [1547 voxels],0.466964 [5553 voxels],0.40966 [5066 voxels],0.412161 [17093 voxels],0.35753 [4478 voxels],0.352335 [1821 voxels],0.371244 [8200 voxels],0.397902 [3410 voxels],0.327292 [2076 voxels],0.473927 [1349 voxels],0.384603 [2056 voxels],0.318631 [275 voxels],0.387907 [15981 voxels],0.335234 [2377 voxels],0.344099 [3846 voxels],0.393897 [21246 voxels],0.367615 [23457 voxels],0.281505 [1096 voxels]
,,0.284577 [1979 voxels],0.322921 [8826 voxels],0.321293 [6190 voxels],0.303772 [1665 voxels],0.34571 [4262 voxels],0.328085 [4819 voxels],0.390585 [18464 voxels],0.332025 [5640 voxels],0.32513 [5153 voxels],0.31943 [79800 voxels],0.303944 [4273 voxels],0.32854 [6557 voxels],0.325423 [42295 voxels],0.325543 [16349 voxels],0.372466 [3860 voxels],0.360197 [4695 voxels],0.441625 [5733 voxels],0.683492 [5822 voxels],0.336954 [13488 voxels],0.391769 [12635 voxels],0.374571 [13909 voxels],0.453354 [10811 voxels],0.361495 [21586 voxels],0.357356 [2746 voxels],0.476141 [14037 voxels],0.639455 [4974 voxels],0.569741 [2568 voxels],0.489424 [12617 voxels],0.342112 [1547 voxels],0.462683 [5553 voxels],0.41702 [5066 voxels],0.366346 [17093 voxels],0.352926 [4478 voxels],0.396187 [1821 voxels],0.364027 [8200 voxels],0.39607 [3410 voxels],0.386873 [2076 voxels],0.497057 [1349 voxels],0.411236 [2056 voxels],0.293224 [275 voxels],0.369845 [15981 voxels],0.346447 [2377 voxels],0.355188 [3846 voxels],0.392457 [21246 voxels],0.377203 [23457 voxels],0.305655 [1096 voxels]
,,0.313199 [1979 voxels],0.303617 [8826 voxels],0.309208 [6190 voxels],0.280683 [1665 voxels],0.383051 [4262 voxels],0.338561 [4819 voxels],0.397335 [18464 voxels],0.380171 [5640 voxels],0.320153 [5153 voxels],0.320095 [79800 voxels],0.301582 [4273 voxels],0.316222 [6557 voxels],0.318934 [42295 voxels],0.341241 [16349 voxels],0.427258 [3860 voxels],0.338315 [4695 voxels],0.436884 [5733 voxels],0.782333 [5822 voxels],0.362632 [13488 voxels],0.477823 [12635 voxels],0.361255 [13909 voxels],0.534064 [10811 voxels],0.368242 [21586 voxels],0.351236 [2746 voxels],0.511245 [14037 voxels],0.597925 [4974 voxels],0.594869 [2568 voxels],0.529738 [12617 voxels],0.415386 [1547 voxels],0.466164 [5553 voxels],0.406398 [5066 voxels],0.379708 [17093 voxels],0.372538 [4478 voxels],0.355421 [1821 voxels],0.359455 [8200 voxels],0.387681 [3410 voxels],0.374449 [2076 voxels],0.503441 [1349 voxels],0.380851 [2056 voxels],0.359853 [275 voxels],0.350184 [15981 voxels],0.357551 [2377 voxels],0.334285 [3846 voxels],0.403491 [21246 voxels],0.348139 [23457 voxels],0.303501 [1096 voxels]
,,0.304184 [1979 voxels],0.298123 [8826 voxels],0.297217 [6190 voxels],0.331785 [1665 voxels],0.327583 [4262 voxels],0.360445 [4819 voxels],0.41154 [18464 voxels],0.380376 [5640 voxels],0.322369 [5153 voxels],0.341666 [79800 voxels],0.309073 [4273 voxels],0.29016 [6557 voxels],0.326148 [42295 voxels],0.315509 [16349 voxels],0.411986 [3860 voxels],0.333311 [4695 voxels],0.591302 [5733 voxels],0.509169 [5822 voxels],0.38697 [13488 voxels],0.402814 [12635 voxels],0.326206 [13909 voxels],0.481526 [10811 voxels],0.383591 [21586 voxels],0.400169 [2746 voxels],0.378523 [14037 voxels],0.541607 [4974 voxels],0.498304 [2568 voxels],0.482441 [12617 voxels],0.341853 [1547 voxels],0.417117 [5553 voxels],0.364315 [5066 voxels],0.507554 [17093 voxels],0.366138 [4478 voxels],0.324109 [1821 voxels],0.360673 [8200 voxels],0.382401 [3410 voxels],0.363245 [2076 voxels],0.474903 [1349 voxels],0.351162 [2056 voxels],0.378083 [275 voxels],0.358141 [15981 voxels],0.355053 [2377 voxels],0.325318 [3846 voxels],0.42624 [21246 voxels],0.34559 [23457 voxels],0.307557 [1096 voxels]
