0 OD /mnt/chrastil/users/cossio/MLINDIV_young/Noddi_2025/atlas/HarvardOxford-cort-maxprob-thr50-1mm.nii.gz,10 OD /mnt/chrastil/users/cossio/MLINDIV_young/Noddi_2025/atlas/HarvardOxford-cort-maxprob-thr50-1mm.nii.gz,11 OD /mnt/chrastil/users/cossio/MLINDIV_young/Noddi_2025/atlas/HarvardOxford-cort-maxprob-thr50-1mm.nii.gz,12 OD /mnt/chrastil/users/cossio/MLINDIV_young/Noddi_2025/atlas/HarvardOxford-cort-maxprob-thr50-1mm.nii.gz,13 OD /mnt/chrastil/users/cossio/MLINDIV_young/Noddi_2025/atlas/HarvardOxford-cort-maxprob-thr50-1mm.nii.gz,14 OD /mnt/chrastil/users/cossio/MLINDIV_young/Noddi_2025/atlas/HarvardOxford-cort-maxprob-thr50-1mm.nii.gz,15 OD /mnt/chrastil/users/cossio/MLINDIV_young/Noddi_2025/atlas/HarvardOxford-cort-maxprob-thr50-1mm.nii.gz,16 OD /mnt/chrastil/users/cossio/MLINDIV_young/Noddi_2025/atlas/HarvardOxford-cort-maxprob-thr50-1mm.nii.gz,17 OD /mnt/chrastil/users/cossio/MLINDIV_young/Noddi_2025/atlas/HarvardOxford-cort-maxprob-thr50-1mm.nii.gz,18 OD /mnt/chrastil/users/cossio/MLINDIV_young/Noddi_2025/atlas/HarvardOxford-cort-maxprob-thr50-1mm.nii.gz,19 OD /mnt/chrastil/users/cossio/MLINDIV_young/Noddi_2025/atlas/HarvardOxford-cort-maxprob-thr50-1mm.nii.gz,1 OD /mnt/chrastil/users/cossio/MLINDIV_young/Noddi_2025/atlas/HarvardOxford-cort-maxprob-thr50-1mm.nii.gz,20 OD /mnt/chrastil/users/cossio/MLINDIV_young/Noddi_2025/atlas/HarvardOxford-cort-maxprob-thr50-1mm.nii.gz,21 OD /mnt/chrastil/users/cossio/MLINDIV_young/Noddi_2025/atlas/HarvardOxford-cort-maxprob-thr50-1mm.nii.gz,22 OD /mnt/chrastil/users/cossio/MLINDIV_young/Noddi_2025/atlas/HarvardOxford-cort-maxprob-thr50-1mm.nii.gz,23 OD /mnt/chrastil/users/cossio/MLINDIV_young/Noddi_2025/atlas/HarvardOxford-cort-maxprob-thr50-1mm.nii.gz,24 OD /mnt/chrastil/users/cossio/MLINDIV_young/Noddi_2025/atlas/HarvardOxford-cort-maxprob-thr50-1mm.nii.gz,25 OD /mnt/chrastil/users/cossio/MLINDIV_young/Noddi_2025/atlas/HarvardOxford-cort-maxprob-thr50-1mm.nii.gz,26 OD /mnt/chrastil/users/cossio/MLINDIV_young/Noddi_2025/atlas/HarvardOxford-cort-maxprob-thr50-1mm.nii.gz,27 OD /mnt/chrastil/users/cossio/MLINDIV_young/Noddi_2025/atlas/HarvardOxford-cort-maxprob-thr50-1mm.nii.gz,28 OD /mnt/chrastil/users/cossio/MLINDIV_young/Noddi_2025/atlas/HarvardOxford-cort-maxprob-thr50-1mm.nii.gz,29 OD /mnt/chrastil/users/cossio/MLINDIV_young/Noddi_2025/atlas/HarvardOxford-cort-maxprob-thr50-1mm.nii.gz,2 OD /mnt/chrastil/users/cossio/MLINDIV_young/Noddi_2025/atlas/HarvardOxford-cort-maxprob-thr50-1mm.nii.gz,30 OD /mnt/chrastil/users/cossio/MLINDIV_young/Noddi_2025/atlas/HarvardOxford-cort-maxprob-thr50-1mm.nii.gz,31 OD /mnt/chrastil/users/cossio/MLINDIV_young/Noddi_2025/atlas/HarvardOxford-cort-maxprob-thr50-1mm.nii.gz,32 OD /mnt/chrastil/users/cossio/MLINDIV_young/Noddi_2025/atlas/HarvardOxford-cort-maxprob-thr50-1mm.nii.gz,33 OD /mnt/chrastil/users/cossio/MLINDIV_young/Noddi_2025/atlas/HarvardOxford-cort-maxprob-thr50-1mm.nii.gz,34 OD /mnt/chrastil/users/cossio/MLINDIV_young/Noddi_2025/atlas/HarvardOxford-cort-maxprob-thr50-1mm.nii.gz,35 OD /mnt/chrastil/users/cossio/MLINDIV_young/Noddi_2025/atlas/HarvardOxford-cort-maxprob-thr50-1mm.nii.gz,36 OD /mnt/chrastil/users/cossio/MLINDIV_young/Noddi_2025/atlas/HarvardOxford-cort-maxprob-thr50-1mm.nii.gz,37 OD /mnt/chrastil/users/cossio/MLINDIV_young/Noddi_2025/atlas/HarvardOxford-cort-maxprob-thr50-1mm.nii.gz,38 OD /mnt/chrastil/users/cossio/MLINDIV_young/Noddi_2025/atlas/HarvardOxford-cort-maxprob-thr50-1mm.nii.gz,39 OD /mnt/chrastil/users/cossio/MLINDIV_young/Noddi_2025/atlas/HarvardOxford-cort-maxprob-thr50-1mm.nii.gz,3 OD /mnt/chrastil/users/cossio/MLINDIV_young/Noddi_2025/atlas/HarvardOxford-cort-maxprob-thr50-1mm.nii.gz,40 OD /mnt/chrastil/users/cossio/MLINDIV_young/Noddi_2025/atlas/HarvardOxford-cort-maxprob-thr50-1mm.nii.gz,41 OD /mnt/chrastil/users/cossio/MLINDIV_young/Noddi_2025/atlas/HarvardOxford-cort-maxprob-thr50-1mm.nii.gz,42 OD /mnt/chrastil/users/cossio/MLINDIV_young/Noddi_2025/atlas/HarvardOxford-cort-maxprob-thr50-1mm.nii.gz,43 OD /mnt/chrastil/users/cossio/MLINDIV_young/Noddi_2025/atlas/HarvardOxford-cort-maxprob-thr50-1mm.nii.gz,44 OD /mnt/chrastil/users/cossio/MLINDIV_young/Noddi_2025/atlas/HarvardOxford-cort-maxprob-thr50-1mm.nii.gz,45 OD /mnt/chrastil/users/cossio/MLINDIV_young/Noddi_2025/atlas/HarvardOxford-cort-maxprob-thr50-1mm.nii.gz,46 OD /mnt/chrastil/users/cossio/MLINDIV_young/Noddi_2025/atlas/HarvardOxford-cort-maxprob-thr50-1mm.nii.gz,47 OD /mnt/chrastil/users/cossio/MLINDIV_young/Noddi_2025/atlas/HarvardOxford-cort-maxprob-thr50-1mm.nii.gz,4 OD /mnt/chrastil/users/cossio/MLINDIV_young/Noddi_2025/atlas/HarvardOxford-cort-maxprob-thr50-1mm.nii.gz,5 OD /mnt/chrastil/users/cossio/MLINDIV_young/Noddi_2025/atlas/HarvardOxford-cort-maxprob-thr50-1mm.nii.gz,6 OD /mnt/chrastil/users/cossio/MLINDIV_young/Noddi_2025/atlas/HarvardOxford-cort-maxprob-thr50-1mm.nii.gz,7 OD /mnt/chrastil/users/cossio/MLINDIV_young/Noddi_2025/atlas/HarvardOxford-cort-maxprob-thr50-1mm.nii.gz,8 OD /mnt/chrastil/users/cossio/MLINDIV_young/Noddi_2025/atlas/HarvardOxford-cort-maxprob-thr50-1mm.nii.gz,9 OD /mnt/chrastil/users/cossio/MLINDIV_young/Noddi_2025/atlas/HarvardOxford-cort-maxprob-thr50-1mm.nii.gz
,,0.473925 [1979 voxels],0.458911 [8826 voxels],0.466878 [6190 voxels],0.495316 [1665 voxels],0.432251 [4262 voxels],0.44935 [4819 voxels],0.445926 [18464 voxels],0.465839 [5640 voxels],0.425105 [5153 voxels],0.475327 [79800 voxels],0.441283 [4273 voxels],0.448864 [6557 voxels],0.459505 [42295 voxels],0.474807 [16349 voxels],0.553174 [3860 voxels],0.543176 [4695 voxels],0.513963 [5733 voxels],0.617306 [5822 voxels],0.52072 [13488 voxels],0.52709 [12635 voxels],0.485868 [13909 voxels],0.544457 [10811 voxels],0.49006 [21586 voxels],0.439787 [2746 voxels],0.536885 [14037 voxels],0.547238 [4974 voxels],0.520516 [2568 voxels],0.577279 [12617 voxels],0.533176 [1547 voxels],0.511391 [5553 voxels],0.520288 [5066 voxels],0.443876 [17093 voxels],0.471498 [4478 voxels],0.529962 [1821 voxels],0.544913 [8200 voxels],0.569463 [3410 voxels],0.569258 [2076 voxels],0.579791 [1349 voxels],0.527617 [2056 voxels],0.58239 [275 voxels],0.453729 [15981 voxels],0.490438 [2377 voxels],0.420224 [3846 voxels],0.462465 [21246 voxels],0.520866 [23457 voxels],0.453954 [1096 voxels]
,,0.455176 [1979 voxels],0.454703 [8826 voxels],0.448565 [6190 voxels],0.455082 [1665 voxels],0.424654 [4262 voxels],0.43028 [4819 voxels],0.423543 [18464 voxels],0.400194 [5640 voxels],0.464369 [5153 voxels],0.471802 [79800 voxels],0.451963 [4273 voxels],0.476136 [6557 voxels],0.45977 [42295 voxels],0.461813 [16349 voxels],0.513838 [3860 voxels],0.583716 [4695 voxels],0.515339 [5733 voxels],0.631154 [5822 voxels],0.52032 [13488 voxels],0.540802 [12635 voxels],0.48112 [13909 voxels],0.556048 [10811 voxels],0.505765 [21586 voxels],0.500694 [2746 voxels],0.526367 [14037 voxels],0.574459 [4974 voxels],0.558139 [2568 voxels],0.572906 [12617 voxels],0.498673 [1547 voxels],0.48934 [5553 voxels],0.541864 [5066 voxels],0.475251 [17093 voxels],0.47181 [4478 voxels],0.471276 [1821 voxels],0.498521 [8200 voxels],0.535591 [3410 voxels],0.537965 [2076 voxels],0.544421 [1349 voxels],0.51487 [2056 voxels],0.571935 [275 voxels],0.451407 [15981 voxels],0.448196 [2377 voxels],0.433957 [3846 voxels],0.451655 [21246 voxels],0.492584 [23457 voxels],0.500675 [1096 voxels]
,,0.4372 [1979 voxels],0.470529 [8826 voxels],0.487251 [6190 voxels],0.495699 [1665 voxels],0.479919 [4262 voxels],0.442288 [4819 voxels],0.449122 [18464 voxels],0.450388 [5640 voxels],0.499849 [5153 voxels],0.535084 [79800 voxels],0.500931 [4273 voxels],0.455148 [6557 voxels],0.48578 [42295 voxels],0.471612 [16349 voxels],0.542805 [3860 voxels],0.56416 [4695 voxels],0.626449 [5733 voxels],0.64342 [5822 voxels],0.601286 [13488 voxels],0.597434 [12635 voxels],0.509426 [13909 voxels],0.586351 [10811 voxels],0.56121 [21586 voxels],0.52161 [2746 voxels],0.534343 [14037 voxels],0.610731 [4974 voxels],0.540579 [2568 voxels],0.569127 [12617 voxels],0.484376 [1547 voxels],0.482804 [5553 voxels],0.510292 [5066 voxels],0.519432 [17093 voxels],0.484643 [4478 voxels],0.55228 [1821 voxels],0.543012 [8200 voxels],0.538206 [3410 voxels],0.587917 [2076 voxels],0.570939 [1349 voxels],0.55163 [2056 voxels],0.629074 [275 voxels],0.471302 [15981 voxels],0.470862 [2377 voxels],0.451417 [3846 voxels],0.507977 [21246 voxels],0.521172 [23457 voxels],0.475204 [1096 voxels]
,,0.441503 [1979 voxels],0.448136 [8826 voxels],0.444339 [6190 voxels],0.512013 [1665 voxels],0.446929 [4262 voxels],0.445692 [4819 voxels],0.455814 [18464 voxels],0.429106 [5640 voxels],0.427657 [5153 voxels],0.501947 [79800 voxels],0.431531 [4273 voxels],0.461491 [6557 voxels],0.454205 [42295 voxels],0.455578 [16349 voxels],0.562664 [3860 voxels],0.54325 [4695 voxels],0.567468 [5733 voxels],0.644983 [5822 voxels],0.541348 [13488 voxels],0.532458 [12635 voxels],0.484157 [13909 voxels],0.556049 [10811 voxels],0.503158 [21586 voxels],0.528787 [2746 voxels],0.522612 [14037 voxels],0.612896 [4974 voxels],0.566249 [2568 voxels],0.585481 [12617 voxels],0.527333 [1547 voxels],0.535845 [5553 voxels],0.515439 [5066 voxels],0.49091 [17093 voxels],0.489847 [4478 voxels],0.514267 [1821 voxels],0.520312 [8200 voxels],0.534875 [3410 voxels],0.600378 [2076 voxels],0.58292 [1349 voxels],0.550035 [2056 voxels],0.659155 [275 voxels],0.470765 [15981 voxels],0.457864 [2377 voxels],0.409661 [3846 voxels],0.465224 [21246 voxels],0.514502 [23457 voxels],0.423351 [1096 voxels]
,,0.433197 [1979 voxels],0.482157 [8826 voxels],0.479905 [6190 voxels],0.435236 [1665 voxels],0.496194 [4262 voxels],0.473607 [4819 voxels],0.467197 [18464 voxels],0.491474 [5640 voxels],0.471457 [5153 voxels],0.512302 [79800 voxels],0.483628 [4273 voxels],0.507506 [6557 voxels],0.489213 [42295 voxels],0.470097 [16349 voxels],0.596038 [3860 voxels],0.598959 [4695 voxels],0.611301 [5733 voxels],0.670255 [5822 voxels],0.604869 [13488 voxels],0.598346 [12635 voxels],0.51188 [13909 voxels],0.606287 [10811 voxels],0.562578 [21586 voxels],0.529102 [2746 voxels],0.555621 [14037 voxels],0.610191 [4974 voxels],0.650559 [2568 voxels],0.631108 [12617 voxels],0.532432 [1547 voxels],0.578143 [5553 voxels],0.549384 [5066 voxels],0.544289 [17093 voxels],0.533225 [4478 voxels],0.56822 [1821 voxels],0.563602 [8200 voxels],0.559975 [3410 voxels],0.562443 [2076 voxels],0.59455 [1349 voxels],0.58858 [2056 voxels],0.659755 [275 voxels],0.479244 [15981 voxels],0.493412 [2377 voxels],0.443667 [3846 voxels],0.505517 [21246 voxels],0.513355 [23457 voxels],0.503503 [1096 voxels]
,,0.431925 [1979 voxels],0.458903 [8826 voxels],0.450753 [6190 voxels],0.487011 [1665 voxels],0.459966 [4262 voxels],0.456735 [4819 voxels],0.435214 [18464 voxels],0.421577 [5640 voxels],0.455758 [5153 voxels],0.468311 [79800 voxels],0.462209 [4273 voxels],0.432651 [6557 voxels],0.471652 [42295 voxels],0.449407 [16349 voxels],0.546715 [3860 voxels],0.535981 [4695 voxels],0.489136 [5733 voxels],0.624853 [5822 voxels],0.528339 [13488 voxels],0.521825 [12635 voxels],0.489275 [13909 voxels],0.542363 [10811 voxels],0.504054 [21586 voxels],0.455836 [2746 voxels],0.517815 [14037 voxels],0.585487 [4974 voxels],0.576005 [2568 voxels],0.558662 [12617 voxels],0.51274 [1547 voxels],0.516579 [5553 voxels],0.521729 [5066 voxels],0.450017 [17093 voxels],0.466446 [4478 voxels],0.537578 [1821 voxels],0.531415 [8200 voxels],0.529582 [3410 voxels],0.5856 [2076 voxels],0.571686 [1349 voxels],0.571344 [2056 voxels],0.5808 [275 voxels],0.448023 [15981 voxels],0.496908 [2377 voxels],0.405587 [3846 voxels],0.464047 [21246 voxels],0.499981 [23457 voxels],0.452755 [1096 voxels]
,,0.452533 [1979 voxels],0.475689 [8826 voxels],0.450624 [6190 voxels],0.496704 [1665 voxels],0.480567 [4262 voxels],0.430355 [4819 voxels],0.440743 [18464 voxels],0.442936 [5640 voxels],0.449746 [5153 voxels],0.4966 [79800 voxels],0.46543 [4273 voxels],0.457791 [6557 voxels],0.473277 [42295 voxels],0.458859 [16349 voxels],0.568001 [3860 voxels],0.542374 [4695 voxels],0.519995 [5733 voxels],0.612136 [5822 voxels],0.525774 [13488 voxels],0.527114 [12635 voxels],0.474262 [13909 voxels],0.541552 [10811 voxels],0.496961 [21586 voxels],0.498428 [2746 voxels],0.512059 [14037 voxels],0.590707 [4974 voxels],0.566754 [2568 voxels],0.573761 [12617 voxels],0.484882 [1547 voxels],0.507814 [5553 voxels],0.516568 [5066 voxels],0.473034 [17093 voxels],0.466897 [4478 voxels],0.520444 [1821 voxels],0.5231 [8200 voxels],0.521311 [3410 voxels],0.553595 [2076 voxels],0.567019 [1349 voxels],0.548856 [2056 voxels],0.62999 [275 voxels],0.467253 [15981 voxels],0.484315 [2377 voxels],0.427005 [3846 voxels],0.470236 [21246 voxels],0.489879 [23457 voxels],0.495848 [1096 voxels]
,,0.458224 [1979 voxels],0.489871 [8826 voxels],0.453414 [6190 voxels],0.480286 [1665 voxels],0.456066 [4262 voxels],0.484534 [4819 voxels],0.443328 [18464 voxels],0.456438 [5640 voxels],0.440666 [5153 voxels],0.500397 [79800 voxels],0.464416 [4273 voxels],0.450897 [6557 voxels],0.493111 [42295 voxels],0.464117 [16349 voxels],0.548218 [3860 voxels],0.539582 [4695 voxels],0.579039 [5733 voxels],0.645079 [5822 voxels],0.563245 [13488 voxels],0.559343 [12635 voxels],0.494832 [13909 voxels],0.589191 [10811 voxels],0.551775 [21586 voxels],0.576618 [2746 voxels],0.549569 [14037 voxels],0.619592 [4974 voxels],0.566473 [2568 voxels],0.628985 [12617 voxels],0.526212 [1547 voxels],0.498026 [5553 voxels],0.535174 [5066 voxels],0.482404 [17093 voxels],0.481842 [4478 voxels],0.539886 [1821 voxels],0.550295 [8200 voxels],0.524745 [3410 voxels],0.570064 [2076 voxels],0.600362 [1349 voxels],0.551485 [2056 voxels],0.642841 [275 voxels],0.477217 [15981 voxels],0.446429 [2377 voxels],0.426716 [3846 voxels],0.477821 [21246 voxels],0.507518 [23457 voxels],0.446155 [1096 voxels]
,,0.450258 [1979 voxels],0.476869 [8826 voxels],0.497074 [6190 voxels],0.471782 [1665 voxels],0.4861 [4262 voxels],0.488993 [4819 voxels],0.432659 [18464 voxels],0.500318 [5640 voxels],0.465831 [5153 voxels],0.501553 [79800 voxels],0.465627 [4273 voxels],0.482594 [6557 voxels],0.494431 [42295 voxels],0.48654 [16349 voxels],0.59247 [3860 voxels],0.537522 [4695 voxels],0.538993 [5733 voxels],0.596149 [5822 voxels],0.512963 [13488 voxels],0.524536 [12635 voxels],0.48787 [13909 voxels],0.552949 [10811 voxels],0.533597 [21586 voxels],0.501565 [2746 voxels],0.508397 [14037 voxels],0.551342 [4974 voxels],0.588227 [2568 voxels],0.596635 [12617 voxels],0.49456 [1547 voxels],0.544044 [5553 voxels],0.522964 [5066 voxels],0.472294 [17093 voxels],0.47914 [4478 voxels],0.513759 [1821 voxels],0.520321 [8200 voxels],0.540194 [3410 voxels],0.560434 [2076 voxels],0.598952 [1349 voxels],0.559847 [2056 voxels],0.633148 [275 voxels],0.468453 [15981 voxels],0.474227 [2377 voxels],0.414836 [3846 voxels],0.468765 [21246 voxels],0.518662 [23457 voxels],0.48284 [1096 voxels]
,,0.421413 [1979 voxels],0.432967 [8826 voxels],0.437904 [6190 voxels],0.476393 [1665 voxels],0.446593 [4262 voxels],0.434451 [4819 voxels],0.434493 [18464 voxels],0.452926 [5640 voxels],0.409517 [5153 voxels],0.452539 [79800 voxels],0.44086 [4273 voxels],0.427208 [6557 voxels],0.464413 [42295 voxels],0.469681 [16349 voxels],0.548192 [3860 voxels],0.463914 [4695 voxels],0.504772 [5733 voxels],0.608961 [5822 voxels],0.486576 [13488 voxels],0.530509 [12635 voxels],0.478895 [13909 voxels],0.542849 [10811 voxels],0.480101 [21586 voxels],0.481692 [2746 voxels],0.512941 [14037 voxels],0.611806 [4974 voxels],0.54876 [2568 voxels],0.590768 [12617 voxels],0.490826 [1547 voxels],0.519828 [5553 voxels],0.50875 [5066 voxels],0.444787 [17093 voxels],0.471857 [4478 voxels],0.516986 [1821 voxels],0.506809 [8200 voxels],0.510411 [3410 voxels],0.541287 [2076 voxels],0.547468 [1349 voxels],0.528902 [2056 voxels],0.576864 [275 voxels],0.432756 [15981 voxels],0.457058 [2377 voxels],0.46624 [3846 voxels],0.452896 [21246 voxels],0.487805 [23457 voxels],0.479312 [1096 voxels]
,,0.441576 [1979 voxels],0.457145 [8826 voxels],0.464848 [6190 voxels],0.506963 [1665 voxels],0.428035 [4262 voxels],0.471637 [4819 voxels],0.426274 [18464 voxels],0.454584 [5640 voxels],0.434045 [5153 voxels],0.500863 [79800 voxels],0.440019 [4273 voxels],0.424616 [6557 voxels],0.463137 [42295 voxels],0.468878 [16349 voxels],0.569739 [3860 voxels],0.523247 [4695 voxels],0.538744 [5733 voxels],0.620733 [5822 voxels],0.569254 [13488 voxels],0.529964 [12635 voxels],0.487643 [13909 voxels],0.531327 [10811 voxels],0.512836 [21586 voxels],0.459237 [2746 voxels],0.5159 [14037 voxels],0.59279 [4974 voxels],0.570701 [2568 voxels],0.556397 [12617 voxels],0.523182 [1547 voxels],0.543613 [5553 voxels],0.526598 [5066 voxels],0.477432 [17093 voxels],0.476505 [4478 voxels],0.527687 [1821 voxels],0.534545 [8200 voxels],0.525995 [3410 voxels],0.568675 [2076 voxels],0.58161 [1349 voxels],0.53617 [2056 voxels],0.628062 [275 voxels],0.465147 [15981 voxels],0.481359 [2377 voxels],0.433031 [3846 voxels],0.478029 [21246 voxels],0.499839 [23457 voxels],0.502183 [1096 voxels]
,,0.439846 [1979 voxels],0.465136 [8826 voxels],0.446418 [6190 voxels],0.479429 [1665 voxels],0.447916 [4262 voxels],0.440605 [4819 voxels],0.437632 [18464 voxels],0.467886 [5640 voxels],0.435838 [5153 voxels],0.493507 [79800 voxels],0.414937 [4273 voxels],0.4449 [6557 voxels],0.465937 [42295 voxels],0.471171 [16349 voxels],0.586518 [3860 voxels],0.554394 [4695 voxels],0.55309 [5733 voxels],0.637615 [5822 voxels],0.545859 [13488 voxels],0.563173 [12635 voxels],0.470906 [13909 voxels],0.554172 [10811 voxels],0.526601 [21586 voxels],0.490021 [2746 voxels],0.525489 [14037 voxels],0.568823 [4974 voxels],0.560092 [2568 voxels],0.576444 [12617 voxels],0.519996 [1547 voxels],0.525565 [5553 voxels],0.51911 [5066 voxels],0.498179 [17093 voxels],0.478573 [4478 voxels],0.508998 [1821 voxels],0.535307 [8200 voxels],0.508251 [3410 voxels],0.572241 [2076 voxels],0.56957 [1349 voxels],0.543157 [2056 voxels],0.563252 [275 voxels],0.477352 [15981 voxels],0.464665 [2377 voxels],0.430175 [3846 voxels],0.479315 [21246 voxels],0.502692 [23457 voxels],0.467268 [1096 voxels]
,,0.459575 [1979 voxels],0.471353 [8826 voxels],0.44367 [6190 voxels],0.469248 [1665 voxels],0.454708 [4262 voxels],0.431266 [4819 voxels],0.449359 [18464 voxels],0.41811 [5640 voxels],0.456832 [5153 voxels],0.517369 [79800 voxels],0.458833 [4273 voxels],0.467276 [6557 voxels],0.469778 [42295 voxels],0.471463 [16349 voxels],0.562136 [3860 voxels],0.536428 [4695 voxels],0.540742 [5733 voxels],0.585754 [5822 voxels],0.545528 [13488 voxels],0.53089 [12635 voxels],0.478418 [13909 voxels],0.555752 [10811 voxels],0.512163 [21586 voxels],0.506623 [2746 voxels],0.521445 [14037 voxels],0.629487 [4974 voxels],0.520356 [2568 voxels],0.57734 [12617 voxels],0.493081 [1547 voxels],0.494973 [5553 voxels],0.497498 [5066 voxels],0.49213 [17093 voxels],0.474393 [4478 voxels],0.546594 [1821 voxels],0.527784 [8200 voxels],0.525457 [3410 voxels],0.542567 [2076 voxels],0.5526 [1349 voxels],0.512452 [2056 voxels],0.59785 [275 voxels],0.471778 [15981 voxels],0.446128 [2377 voxels],0.426224 [3846 voxels],0.462551 [21246 voxels],0.525317 [23457 voxels],0.494672 [1096 voxels]
,,0.439102 [1979 voxels],0.455043 [8826 voxels],0.447819 [6190 voxels],0.491469 [1665 voxels],0.478664 [4262 voxels],0.450648 [4819 voxels],0.41634 [18464 voxels],0.403931 [5640 voxels],0.435961 [5153 voxels],0.497248 [79800 voxels],0.452346 [4273 voxels],0.461524 [6557 voxels],0.460517 [42295 voxels],0.46182 [16349 voxels],0.5474 [3860 voxels],0.525939 [4695 voxels],0.566444 [5733 voxels],0.602614 [5822 voxels],0.537165 [13488 voxels],0.53087 [12635 voxels],0.471076 [13909 voxels],0.546675 [10811 voxels],0.51675 [21586 voxels],0.506771 [2746 voxels],0.500376 [14037 voxels],0.563945 [4974 voxels],0.571778 [2568 voxels],0.573156 [12617 voxels],0.467773 [1547 voxels],0.506914 [5553 voxels],0.494983 [5066 voxels],0.480441 [17093 voxels],0.46167 [4478 voxels],0.54085 [1821 voxels],0.500691 [8200 voxels],0.517315 [3410 voxels],0.558504 [2076 voxels],0.558864 [1349 voxels],0.521475 [2056 voxels],0.574045 [275 voxels],0.443073 [15981 voxels],0.43802 [2377 voxels],0.439862 [3846 voxels],0.464733 [21246 voxels],0.505478 [23457 voxels],0.474269 [1096 voxels]
,,0.422728 [1979 voxels],0.438008 [8826 voxels],0.457544 [6190 voxels],0.45097 [1665 voxels],0.43156 [4262 voxels],0.441241 [4819 voxels],0.441139 [18464 voxels],0.427911 [5640 voxels],0.428368 [5153 voxels],0.462243 [79800 voxels],0.443696 [4273 voxels],0.468899 [6557 voxels],0.449408 [42295 voxels],0.450919 [16349 voxels],0.52005 [3860 voxels],0.485558 [4695 voxels],0.505933 [5733 voxels],0.568074 [5822 voxels],0.487198 [13488 voxels],0.501307 [12635 voxels],0.447034 [13909 voxels],0.518518 [10811 voxels],0.489096 [21586 voxels],0.501317 [2746 voxels],0.490218 [14037 voxels],0.557918 [4974 voxels],0.547892 [2568 voxels],0.555129 [12617 voxels],0.467746 [1547 voxels],0.499473 [5553 voxels],0.504018 [5066 voxels],0.453171 [17093 voxels],0.47793 [4478 voxels],0.501937 [1821 voxels],0.509113 [8200 voxels],0.508672 [3410 voxels],0.522983 [2076 voxels],0.536962 [1349 voxels],0.524011 [2056 voxels],0.625836 [275 voxels],0.438907 [15981 voxels],0.419111 [2377 voxels],0.404535 [3846 voxels],0.461204 [21246 voxels],0.478904 [23457 voxels],0.428549 [1096 voxels]
,,0.461511 [1979 voxels],0.471436 [8826 voxels],0.497084 [6190 voxels],0.471421 [1665 voxels],0.484087 [4262 voxels],0.478668 [4819 voxels],0.469121 [18464 voxels],0.422161 [5640 voxels],0.442081 [5153 voxels],0.507692 [79800 voxels],0.452639 [4273 voxels],0.466909 [6557 voxels],0.475815 [42295 voxels],0.486437 [16349 voxels],0.539537 [3860 voxels],0.555544 [4695 voxels],0.573474 [5733 voxels],0.623856 [5822 voxels],0.543362 [13488 voxels],0.550802 [12635 voxels],0.488133 [13909 voxels],0.570567 [10811 voxels],0.521675 [21586 voxels],0.522124 [2746 voxels],0.532611 [14037 voxels],0.571954 [4974 voxels],0.565242 [2568 voxels],0.589152 [12617 voxels],0.493932 [1547 voxels],0.532241 [5553 voxels],0.540382 [5066 voxels],0.494561 [17093 voxels],0.512632 [4478 voxels],0.529259 [1821 voxels],0.537221 [8200 voxels],0.546229 [3410 voxels],0.571643 [2076 voxels],0.598701 [1349 voxels],0.550105 [2056 voxels],0.608517 [275 voxels],0.47278 [15981 voxels],0.493367 [2377 voxels],0.44939 [3846 voxels],0.486302 [21246 voxels],0.513966 [23457 voxels],0.489687 [1096 voxels]
,,0.483201 [1979 voxels],0.459332 [8826 voxels],0.42868 [6190 voxels],0.482188 [1665 voxels],0.456932 [4262 voxels],0.440186 [4819 voxels],0.425191 [18464 voxels],0.434334 [5640 voxels],0.420023 [5153 voxels],0.462144 [79800 voxels],0.403797 [4273 voxels],0.449052 [6557 voxels],0.453428 [42295 voxels],0.465356 [16349 voxels],0.543922 [3860 voxels],0.541069 [4695 voxels],0.509269 [5733 voxels],0.627898 [5822 voxels],0.512319 [13488 voxels],0.532839 [12635 voxels],0.475831 [13909 voxels],0.550492 [10811 voxels],0.511715 [21586 voxels],0.476729 [2746 voxels],0.505475 [14037 voxels],0.582415 [4974 voxels],0.539361 [2568 voxels],0.566355 [12617 voxels],0.487698 [1547 voxels],0.498256 [5553 voxels],0.539785 [5066 voxels],0.457319 [17093 voxels],0.490254 [4478 voxels],0.506918 [1821 voxels],0.513376 [8200 voxels],0.547353 [3410 voxels],0.563642 [2076 voxels],0.579631 [1349 voxels],0.539412 [2056 voxels],0.573165 [275 voxels],0.417912 [15981 voxels],0.413659 [2377 voxels],0.408795 [3846 voxels],0.457735 [21246 voxels],0.485116 [23457 voxels],0.460049 [1096 voxels]
,,0.432426 [1979 voxels],0.466987 [8826 voxels],0.421452 [6190 voxels],0.531236 [1665 voxels],0.455819 [4262 voxels],0.481594 [4819 voxels],0.447689 [18464 voxels],0.412527 [5640 voxels],0.474309 [5153 voxels],0.507271 [79800 voxels],0.432373 [4273 voxels],0.464945 [6557 voxels],0.464539 [42295 voxels],0.460491 [16349 voxels],0.536425 [3860 voxels],0.524021 [4695 voxels],0.55089 [5733 voxels],0.615415 [5822 voxels],0.549341 [13488 voxels],0.542436 [12635 voxels],0.49961 [13909 voxels],0.536834 [10811 voxels],0.503325 [21586 voxels],0.477532 [2746 voxels],0.517546 [14037 voxels],0.597819 [4974 voxels],0.541724 [2568 voxels],0.575522 [12617 voxels],0.506406 [1547 voxels],0.480158 [5553 voxels],0.494223 [5066 voxels],0.480414 [17093 voxels],0.457128 [4478 voxels],0.524398 [1821 voxels],0.536254 [8200 voxels],0.536777 [3410 voxels],0.582573 [2076 voxels],0.56569 [1349 voxels],0.542311 [2056 voxels],0.592791 [275 voxels],0.44506 [15981 voxels],0.433265 [2377 voxels],0.47511 [3846 voxels],0.475397 [21246 voxels],0.543408 [23457 voxels],0.480917 [1096 voxels]
,,0.424676 [1979 voxels],0.465784 [8826 voxels],0.487618 [6190 voxels],0.483654 [1665 voxels],0.493888 [4262 voxels],0.439225 [4819 voxels],0.444749 [18464 voxels],0.416443 [5640 voxels],0.462085 [5153 voxels],0.492526 [79800 voxels],0.463488 [4273 voxels],0.450566 [6557 voxels],0.480573 [42295 voxels],0.469704 [16349 voxels],0.566419 [3860 voxels],0.552394 [4695 voxels],0.564233 [5733 voxels],0.62265 [5822 voxels],0.527566 [13488 voxels],0.535838 [12635 voxels],0.498511 [13909 voxels],0.583208 [10811 voxels],0.535324 [21586 voxels],0.530929 [2746 voxels],0.519484 [14037 voxels],0.59599 [4974 voxels],0.571939 [2568 voxels],0.616736 [12617 voxels],0.509755 [1547 voxels],0.546629 [5553 voxels],0.537988 [5066 voxels],0.489775 [17093 voxels],0.485913 [4478 voxels],0.557014 [1821 voxels],0.537815 [8200 voxels],0.5376 [3410 voxels],0.585929 [2076 voxels],0.587464 [1349 voxels],0.563004 [2056 voxels],0.67357 [275 voxels],0.473623 [15981 voxels],0.468194 [2377 voxels],0.444653 [3846 voxels],0.476374 [21246 voxels],0.494003 [23457 voxels],0.477742 [1096 voxels]
,,0.487886 [1979 voxels],0.481725 [8826 voxels],0.479432 [6190 voxels],0.478964 [1665 voxels],0.453324 [4262 voxels],0.448012 [4819 voxels],0.460079 [18464 voxels],0.438283 [5640 voxels],0.460236 [5153 voxels],0.529146 [79800 voxels],0.465721 [4273 voxels],0.463298 [6557 voxels],0.490081 [42295 voxels],0.474004 [16349 voxels],0.583998 [3860 voxels],0.604168 [4695 voxels],0.580875 [5733 voxels],0.668257 [5822 voxels],0.564846 [13488 voxels],0.566396 [12635 voxels],0.518123 [13909 voxels],0.598234 [10811 voxels],0.554497 [21586 voxels],0.461729 [2746 voxels],0.552377 [14037 voxels],0.608873 [4974 voxels],0.547538 [2568 voxels],0.58469 [12617 voxels],0.51848 [1547 voxels],0.502597 [5553 voxels],0.539274 [5066 voxels],0.518614 [17093 voxels],0.495866 [4478 voxels],0.55829 [1821 voxels],0.542 [8200 voxels],0.577306 [3410 voxels],0.604717 [2076 voxels],0.59232 [1349 voxels],0.53679 [2056 voxels],0.617942 [275 voxels],0.482037 [15981 voxels],0.493652 [2377 voxels],0.472945 [3846 voxels],0.495542 [21246 voxels],0.520847 [23457 voxels],0.491714 [1096 voxels]
,,0.456783 [1979 voxels],0.476812 [8826 voxels],0.458954 [6190 voxels],0.489112 [1665 voxels],0.452526 [4262 voxels],0.448661 [4819 voxels],0.447422 [18464 voxels],0.411983 [5640 voxels],0.447725 [5153 voxels],0.493907 [79800 voxels],0.457906 [4273 voxels],0.480755 [6557 voxels],0.471319 [42295 voxels],0.479346 [16349 voxels],0.547143 [3860 voxels],0.556238 [4695 voxels],0.521737 [5733 voxels],0.612712 [5822 voxels],0.525908 [13488 voxels],0.527464 [12635 voxels],0.480792 [13909 voxels],0.538031 [10811 voxels],0.501415 [21586 voxels],0.537192 [2746 voxels],0.51609 [14037 voxels],0.574503 [4974 voxels],0.539367 [2568 voxels],0.548193 [12617 voxels],0.507327 [1547 voxels],0.503724 [5553 voxels],0.498186 [5066 voxels],0.466193 [17093 voxels],0.486846 [4478 voxels],0.528478 [1821 voxels],0.535717 [8200 voxels],0.56057 [3410 voxels],0.551357 [2076 voxels],0.585415 [1349 voxels],0.54653 [2056 voxels],0.596246 [275 voxels],0.482848 [15981 voxels],0.440777 [2377 voxels],0.421988 [3846 voxels],0.473005 [21246 voxels],0.500257 [23457 voxels],0.460444 [1096 voxels]
,,0.468208 [1979 voxels],0.471925 [8826 voxels],0.476249 [6190 voxels],0.464815 [1665 voxels],0.473809 [4262 voxels],0.43535 [4819 voxels],0.451226 [18464 voxels],0.418764 [5640 voxels],0.417187 [5153 voxels],0.496483 [79800 voxels],0.441397 [4273 voxels],0.450452 [6557 voxels],0.494433 [42295 voxels],0.473092 [16349 voxels],0.530769 [3860 voxels],0.562009 [4695 voxels],0.577479 [5733 voxels],0.616625 [5822 voxels],0.542403 [13488 voxels],0.537506 [12635 voxels],0.478449 [13909 voxels],0.555801 [10811 voxels],0.525382 [21586 voxels],0.507438 [2746 voxels],0.523668 [14037 voxels],0.53443 [4974 voxels],0.532207 [2568 voxels],0.568332 [12617 voxels],0.490541 [1547 voxels],0.493073 [5553 voxels],0.484935 [5066 voxels],0.467515 [17093 voxels],0.489298 [4478 voxels],0.500818 [1821 voxels],0.519885 [8200 voxels],0.544641 [3410 voxels],0.560758 [2076 voxels],0.605507 [1349 voxels],0.563025 [2056 voxels],0.686248 [275 voxels],0.44677 [15981 voxels],0.436275 [2377 voxels],0.417354 [3846 voxels],0.475062 [21246 voxels],0.519815 [23457 voxels],0.419641 [1096 voxels]
,,0.470279 [1979 voxels],0.452205 [8826 voxels],0.442376 [6190 voxels],0.487843 [1665 voxels],0.467704 [4262 voxels],0.430591 [4819 voxels],0.418097 [18464 voxels],0.420088 [5640 voxels],0.435399 [5153 voxels],0.485579 [79800 voxels],0.430242 [4273 voxels],0.446501 [6557 voxels],0.459125 [42295 voxels],0.455804 [16349 voxels],0.539996 [3860 voxels],0.52626 [4695 voxels],0.570487 [5733 voxels],0.625976 [5822 voxels],0.520084 [13488 voxels],0.520421 [12635 voxels],0.465203 [13909 voxels],0.513401 [10811 voxels],0.482794 [21586 voxels],0.458326 [2746 voxels],0.520641 [14037 voxels],0.532471 [4974 voxels],0.519689 [2568 voxels],0.545298 [12617 voxels],0.435398 [1547 voxels],0.493493 [5553 voxels],0.472084 [5066 voxels],0.467838 [17093 voxels],0.451334 [4478 voxels],0.500211 [1821 voxels],0.506189 [8200 voxels],0.50214 [3410 voxels],0.541081 [2076 voxels],0.593572 [1349 voxels],0.533791 [2056 voxels],0.535801 [275 voxels],0.446965 [15981 voxels],0.469587 [2377 voxels],0.418349 [3846 voxels],0.478317 [21246 voxels],0.493515 [23457 voxels],0.455743 [1096 voxels]
,,0.460596 [1979 voxels],0.45843 [8826 voxels],0.479494 [6190 voxels],0.490024 [1665 voxels],0.434402 [4262 voxels],0.451681 [4819 voxels],0.430079 [18464 voxels],0.431871 [5640 voxels],0.438514 [5153 voxels],0.485611 [79800 voxels],0.453649 [4273 voxels],0.499145 [6557 voxels],0.467415 [42295 voxels],0.480972 [16349 voxels],0.581963 [3860 voxels],0.551317 [4695 voxels],0.580957 [5733 voxels],0.636775 [5822 voxels],0.572998 [13488 voxels],0.541066 [12635 voxels],0.499136 [13909 voxels],0.554456 [10811 voxels],0.51535 [21586 voxels],0.510241 [2746 voxels],0.534928 [14037 voxels],0.586521 [4974 voxels],0.562521 [2568 voxels],0.605947 [12617 voxels],0.550469 [1547 voxels],0.506159 [5553 voxels],0.530525 [5066 voxels],0.48098 [17093 voxels],0.475789 [4478 voxels],0.506116 [1821 voxels],0.528566 [8200 voxels],0.521517 [3410 voxels],0.577415 [2076 voxels],0.605059 [1349 voxels],0.534433 [2056 voxels],0.628181 [275 voxels],0.468934 [15981 voxels],0.487589 [2377 voxels],0.428562 [3846 voxels],0.469701 [21246 voxels],0.530847 [23457 voxels],0.444596 [1096 voxels]
,,0.471834 [1979 voxels],0.504251 [8826 voxels],0.470931 [6190 voxels],0.496443 [1665 voxels],0.463792 [4262 voxels],0.470489 [4819 voxels],0.433569 [18464 voxels],0.426603 [5640 voxels],0.457527 [5153 voxels],0.502327 [79800 voxels],0.450149 [4273 voxels],0.498479 [6557 voxels],0.47206 [42295 voxels],0.468306 [16349 voxels],0.530302 [3860 voxels],0.541282 [4695 voxels],0.576083 [5733 voxels],0.664028 [5822 voxels],0.536625 [13488 voxels],0.539666 [12635 voxels],0.503448 [13909 voxels],0.581173 [10811 voxels],0.538454 [21586 voxels],0.522561 [2746 voxels],0.553091 [14037 voxels],0.575564 [4974 voxels],0.585642 [2568 voxels],0.58288 [12617 voxels],0.516772 [1547 voxels],0.507256 [5553 voxels],0.549795 [5066 voxels],0.488929 [17093 voxels],0.490769 [4478 voxels],0.545037 [1821 voxels],0.546875 [8200 voxels],0.550292 [3410 voxels],0.56356 [2076 voxels],0.558713 [1349 voxels],0.563962 [2056 voxels],0.609497 [275 voxels],0.473238 [15981 voxels],0.477674 [2377 voxels],0.404557 [3846 voxels],0.468046 [21246 voxels],0.537441 [23457 voxels],0.499478 [1096 voxels]
,,0.456941 [1979 voxels],0.476431 [8826 voxels],0.462658 [6190 voxels],0.465516 [1665 voxels],0.463738 [4262 voxels],0.437972 [4819 voxels],0.439804 [18464 voxels],0.430185 [5640 voxels],0.446476 [5153 voxels],0.495873 [79800 voxels],0.443 [4273 voxels],0.453623 [6557 voxels],0.452852 [42295 voxels],0.457251 [16349 voxels],0.543933 [3860 voxels],0.529115 [4695 voxels],0.589112 [5733 voxels],0.597308 [5822 voxels],0.567556 [13488 voxels],0.548798 [12635 voxels],0.480651 [13909 voxels],0.549014 [10811 voxels],0.50807 [21586 voxels],0.499106 [2746 voxels],0.510551 [14037 voxels],0.583832 [4974 voxels],0.569509 [2568 voxels],0.557805 [12617 voxels],0.523783 [1547 voxels],0.496145 [5553 voxels],0.497781 [5066 voxels],0.466201 [17093 voxels],0.467975 [4478 voxels],0.494712 [1821 voxels],0.520356 [8200 voxels],0.496338 [3410 voxels],0.596993 [2076 voxels],0.56377 [1349 voxels],0.524023 [2056 voxels],0.651913 [275 voxels],0.455693 [15981 voxels],0.458194 [2377 voxels],0.383498 [3846 voxels],0.479198 [21246 voxels],0.521504 [23457 voxels],0.474525 [1096 voxels]
,,0.443472 [1979 voxels],0.472496 [8826 voxels],0.44601 [6190 voxels],0.471655 [1665 voxels],0.446418 [4262 voxels],0.462758 [4819 voxels],0.4346 [18464 voxels],0.428371 [5640 voxels],0.438122 [5153 voxels],0.508056 [79800 voxels],0.457966 [4273 voxels],0.474957 [6557 voxels],0.462715 [42295 voxels],0.461814 [16349 voxels],0.543454 [3860 voxels],0.546811 [4695 voxels],0.560335 [5733 voxels],0.644561 [5822 voxels],0.559025 [13488 voxels],0.572837 [12635 voxels],0.496548 [13909 voxels],0.562352 [10811 voxels],0.514164 [21586 voxels],0.495404 [2746 voxels],0.533621 [14037 voxels],0.605232 [4974 voxels],0.566612 [2568 voxels],0.577353 [12617 voxels],0.50412 [1547 voxels],0.50875 [5553 voxels],0.513155 [5066 voxels],0.506138 [17093 voxels],0.481317 [4478 voxels],0.536717 [1821 voxels],0.530947 [8200 voxels],0.534565 [3410 voxels],0.579032 [2076 voxels],0.552145 [1349 voxels],0.538315 [2056 voxels],0.57943 [275 voxels],0.463363 [15981 voxels],0.450007 [2377 voxels],0.437944 [3846 voxels],0.458277 [21246 voxels],0.50198 [23457 voxels],0.472629 [1096 voxels]
,,0.482564 [1979 voxels],0.443268 [8826 voxels],0.478166 [6190 voxels],0.463973 [1665 voxels],0.439106 [4262 voxels],0.459064 [4819 voxels],0.43322 [18464 voxels],0.400282 [5640 voxels],0.468572 [5153 voxels],0.491383 [79800 voxels],0.467793 [4273 voxels],0.454353 [6557 voxels],0.466496 [42295 voxels],0.478344 [16349 voxels],0.554898 [3860 voxels],0.537515 [4695 voxels],0.541 [5733 voxels],0.576316 [5822 voxels],0.539055 [13488 voxels],0.536795 [12635 voxels],0.474359 [13909 voxels],0.557493 [10811 voxels],0.518391 [21586 voxels],0.462657 [2746 voxels],0.514463 [14037 voxels],0.574644 [4974 voxels],0.546234 [2568 voxels],0.568214 [12617 voxels],0.509843 [1547 voxels],0.514087 [5553 voxels],0.524981 [5066 voxels],0.484656 [17093 voxels],0.484923 [4478 voxels],0.514761 [1821 voxels],0.524188 [8200 voxels],0.555308 [3410 voxels],0.545545 [2076 voxels],0.573836 [1349 voxels],0.554222 [2056 voxels],0.590987 [275 voxels],0.456003 [15981 voxels],0.443275 [2377 voxels],0.40947 [3846 voxels],0.483729 [21246 voxels],0.507402 [23457 voxels],0.471315 [1096 voxels]
,,0.453383 [1979 voxels],0.463563 [8826 voxels],0.506865 [6190 voxels],0.454442 [1665 voxels],0.461112 [4262 voxels],0.460819 [4819 voxels],0.449021 [18464 voxels],0.445009 [5640 voxels],0.464933 [5153 voxels],0.529457 [79800 voxels],0.461709 [4273 voxels],0.495935 [6557 voxels],0.491615 [42295 voxels],0.49042 [16349 voxels],0.543905 [3860 voxels],0.595344 [4695 voxels],0.617505 [5733 voxels],0.674447 [5822 voxels],0.583737 [13488 voxels],0.573901 [12635 voxels],0.499792 [13909 voxels],0.593907 [10811 voxels],0.549737 [21586 voxels],0.529047 [2746 voxels],0.535612 [14037 voxels],0.610712 [4974 voxels],0.634247 [2568 voxels],0.567646 [12617 voxels],0.490975 [1547 voxels],0.546776 [5553 voxels],0.529329 [5066 voxels],0.500069 [17093 voxels],0.495263 [4478 voxels],0.510894 [1821 voxels],0.53143 [8200 voxels],0.530029 [3410 voxels],0.552038 [2076 voxels],0.603967 [1349 voxels],0.540677 [2056 voxels],0.595203 [275 voxels],0.468252 [15981 voxels],0.449147 [2377 voxels],0.439747 [3846 voxels],0.502786 [21246 voxels],0.518386 [23457 voxels],0.487044 [1096 voxels]
,,0.447058 [1979 voxels],0.444874 [8826 voxels],0.456907 [6190 voxels],0.50017 [1665 voxels],0.415442 [4262 voxels],0.458293 [4819 voxels],0.426973 [18464 voxels],0.43053 [5640 voxels],0.407145 [5153 voxels],0.496564 [79800 voxels],0.439695 [4273 voxels],0.453422 [6557 voxels],0.455938 [42295 voxels],0.456419 [16349 voxels],0.541578 [3860 voxels],0.555619 [4695 voxels],0.567962 [5733 voxels],0.614442 [5822 voxels],0.528453 [13488 voxels],0.532303 [12635 voxels],0.481509 [13909 voxels],0.522687 [10811 voxels],0.507891 [21586 voxels],0.502343 [2746 voxels],0.519731 [14037 voxels],0.602657 [4974 voxels],0.53535 [2568 voxels],0.559232 [12617 voxels],0.472845 [1547 voxels],0.493592 [5553 voxels],0.501833 [5066 voxels],0.481381 [17093 voxels],0.477671 [4478 voxels],0.517895 [1821 voxels],0.535481 [8200 voxels],0.539995 [3410 voxels],0.568401 [2076 voxels],0.564826 [1349 voxels],0.562578 [2056 voxels],0.569899 [275 voxels],0.449395 [15981 voxels],0.444647 [2377 voxels],0.416761 [3846 voxels],0.475855 [21246 voxels],0.521861 [23457 voxels],0.422324 [1096 voxels]
,,0.385751 [1979 voxels],0.439841 [8826 voxels],0.469379 [6190 voxels],0.462617 [1665 voxels],0.442606 [4262 voxels],0.429428 [4819 voxels],0.457154 [18464 voxels],0.43453 [5640 voxels],0.42595 [5153 voxels],0.497394 [79800 voxels],0.427012 [4273 voxels],0.436736 [6557 voxels],0.476893 [42295 voxels],0.465613 [16349 voxels],0.579569 [3860 voxels],0.540956 [4695 voxels],0.588156 [5733 voxels],0.667975 [5822 voxels],0.561634 [13488 voxels],0.552528 [12635 voxels],0.494572 [13909 voxels],0.577204 [10811 voxels],0.53314 [21586 voxels],0.529785 [2746 voxels],0.549854 [14037 voxels],0.61139 [4974 voxels],0.575454 [2568 voxels],0.619401 [12617 voxels],0.505392 [1547 voxels],0.50706 [5553 voxels],0.537913 [5066 voxels],0.478281 [17093 voxels],0.483057 [4478 voxels],0.529388 [1821 voxels],0.534711 [8200 voxels],0.547022 [3410 voxels],0.572129 [2076 voxels],0.574435 [1349 voxels],0.566467 [2056 voxels],0.635063 [275 voxels],0.451021 [15981 voxels],0.439117 [2377 voxels],0.443274 [3846 voxels],0.487345 [21246 voxels],0.51029 [23457 voxels],0.477386 [1096 voxels]
,,0.469831 [1979 voxels],0.480507 [8826 voxels],0.461725 [6190 voxels],0.512614 [1665 voxels],0.533264 [4262 voxels],0.484329 [4819 voxels],0.443192 [18464 voxels],0.403739 [5640 voxels],0.463598 [5153 voxels],0.518438 [79800 voxels],0.460633 [4273 voxels],0.486446 [6557 voxels],0.472783 [42295 voxels],0.468544 [16349 voxels],0.572427 [3860 voxels],0.62383 [4695 voxels],0.562295 [5733 voxels],0.677032 [5822 voxels],0.57822 [13488 voxels],0.561565 [12635 voxels],0.542374 [13909 voxels],0.59832 [10811 voxels],0.545874 [21586 voxels],0.5289 [2746 voxels],0.5902 [14037 voxels],0.644665 [4974 voxels],0.677928 [2568 voxels],0.621714 [12617 voxels],0.571977 [1547 voxels],0.580271 [5553 voxels],0.579429 [5066 voxels],0.48089 [17093 voxels],0.504879 [4478 voxels],0.54227 [1821 voxels],0.563921 [8200 voxels],0.568947 [3410 voxels],0.609463 [2076 voxels],0.608869 [1349 voxels],0.557732 [2056 voxels],0.601752 [275 voxels],0.466581 [15981 voxels],0.49549 [2377 voxels],0.432061 [3846 voxels],0.504874 [21246 voxels],0.548442 [23457 voxels],0.515867 [1096 voxels]
,,0.43603 [1979 voxels],0.470188 [8826 voxels],0.458452 [6190 voxels],0.490503 [1665 voxels],0.46584 [4262 voxels],0.438458 [4819 voxels],0.451795 [18464 voxels],0.403972 [5640 voxels],0.438801 [5153 voxels],0.508806 [79800 voxels],0.453291 [4273 voxels],0.461941 [6557 voxels],0.447689 [42295 voxels],0.457522 [16349 voxels],0.557442 [3860 voxels],0.598711 [4695 voxels],0.572417 [5733 voxels],0.619208 [5822 voxels],0.55791 [13488 voxels],0.547932 [12635 voxels],0.481039 [13909 voxels],0.533032 [10811 voxels],0.500314 [21586 voxels],0.463556 [2746 voxels],0.516823 [14037 voxels],0.562719 [4974 voxels],0.542777 [2568 voxels],0.568299 [12617 voxels],0.456046 [1547 voxels],0.526948 [5553 voxels],0.506992 [5066 voxels],0.490275 [17093 voxels],0.46387 [4478 voxels],0.545929 [1821 voxels],0.541708 [8200 voxels],0.527118 [3410 voxels],0.598965 [2076 voxels],0.612531 [1349 voxels],0.556108 [2056 voxels],0.59256 [275 voxels],0.473635 [15981 voxels],0.438091 [2377 voxels],0.465942 [3846 voxels],0.474786 [21246 voxels],0.507895 [23457 voxels],0.444407 [1096 voxels]
,,0.447747 [1979 voxels],0.462389 [8826 voxels],0.448434 [6190 voxels],0.46816 [1665 voxels],0.482147 [4262 voxels],0.434124 [4819 voxels],0.449876 [18464 voxels],0.450247 [5640 voxels],0.451625 [5153 voxels],0.506326 [79800 voxels],0.450053 [4273 voxels],0.466774 [6557 voxels],0.473069 [42295 voxels],0.48103 [16349 voxels],0.582911 [3860 voxels],0.539111 [4695 voxels],0.549485 [5733 voxels],0.630409 [5822 voxels],0.536804 [13488 voxels],0.5317 [12635 voxels],0.479589 [13909 voxels],0.539126 [10811 voxels],0.518663 [21586 voxels],0.541762 [2746 voxels],0.530951 [14037 voxels],0.597142 [4974 voxels],0.513325 [2568 voxels],0.612459 [12617 voxels],0.518836 [1547 voxels],0.500726 [5553 voxels],0.526576 [5066 voxels],0.480337 [17093 voxels],0.511058 [4478 voxels],0.536423 [1821 voxels],0.539837 [8200 voxels],0.555824 [3410 voxels],0.539092 [2076 voxels],0.579679 [1349 voxels],0.534585 [2056 voxels],0.648018 [275 voxels],0.480972 [15981 voxels],0.462711 [2377 voxels],0.450395 [3846 voxels],0.47945 [21246 voxels],0.500436 [23457 voxels],0.474622 [1096 voxels]
,,0.433253 [1979 voxels],0.451375 [8826 voxels],0.443583 [6190 voxels],0.46906 [1665 voxels],0.484895 [4262 voxels],0.458913 [4819 voxels],0.426051 [18464 voxels],0.404968 [5640 voxels],0.410578 [5153 voxels],0.490722 [79800 voxels],0.426238 [4273 voxels],0.442433 [6557 voxels],0.471681 [42295 voxels],0.455461 [16349 voxels],0.541047 [3860 voxels],0.568754 [4695 voxels],0.551442 [5733 voxels],0.625107 [5822 voxels],0.527004 [13488 voxels],0.533234 [12635 voxels],0.47366 [13909 voxels],0.521548 [10811 voxels],0.493697 [21586 voxels],0.497735 [2746 voxels],0.532484 [14037 voxels],0.569917 [4974 voxels],0.511218 [2568 voxels],0.567796 [12617 voxels],0.493585 [1547 voxels],0.514662 [5553 voxels],0.492719 [5066 voxels],0.477453 [17093 voxels],0.466967 [4478 voxels],0.510981 [1821 voxels],0.510514 [8200 voxels],0.519959 [3410 voxels],0.551615 [2076 voxels],0.565042 [1349 voxels],0.546377 [2056 voxels],0.601406 [275 voxels],0.442918 [15981 voxels],0.470452 [2377 voxels],0.452871 [3846 voxels],0.476862 [21246 voxels],0.50982 [23457 voxels],0.448026 [1096 voxels]
,,0.455248 [1979 voxels],0.464326 [8826 voxels],0.426681 [6190 voxels],0.489074 [1665 voxels],0.401978 [4262 voxels],0.390407 [4819 voxels],0.427478 [18464 voxels],0.420924 [5640 voxels],0.438507 [5153 voxels],0.453506 [79800 voxels],0.402659 [4273 voxels],0.432792 [6557 voxels],0.466491 [42295 voxels],0.455336 [16349 voxels],0.519448 [3860 voxels],0.513493 [4695 voxels],0.537011 [5733 voxels],0.621048 [5822 voxels],0.514813 [13488 voxels],0.522263 [12635 voxels],0.494585 [13909 voxels],0.566433 [10811 voxels],0.511846 [21586 voxels],0.521891 [2746 voxels],0.53855 [14037 voxels],0.565469 [4974 voxels],0.577143 [2568 voxels],0.574055 [12617 voxels],0.457481 [1547 voxels],0.517759 [5553 voxels],0.530623 [5066 voxels],0.438216 [17093 voxels],0.491292 [4478 voxels],0.530506 [1821 voxels],0.524767 [8200 voxels],0.550659 [3410 voxels],0.535033 [2076 voxels],0.574708 [1349 voxels],0.535986 [2056 voxels],0.585984 [275 voxels],0.421639 [15981 voxels],0.426677 [2377 voxels],0.42951 [3846 voxels],0.452544 [21246 voxels],0.480461 [23457 voxels],0.44988 [1096 voxels]
,,0.456152 [1979 voxels],0.469802 [8826 voxels],0.457023 [6190 voxels],0.452689 [1665 voxels],0.455772 [4262 voxels],0.472007 [4819 voxels],0.43155 [18464 voxels],0.435967 [5640 voxels],0.468493 [5153 voxels],0.507111 [79800 voxels],0.45381 [4273 voxels],0.440937 [6557 voxels],0.456933 [42295 voxels],0.46243 [16349 voxels],0.548917 [3860 voxels],0.573582 [4695 voxels],0.573829 [5733 voxels],0.631131 [5822 voxels],0.567058 [13488 voxels],0.565214 [12635 voxels],0.489791 [13909 voxels],0.564599 [10811 voxels],0.524845 [21586 voxels],0.498291 [2746 voxels],0.543701 [14037 voxels],0.589751 [4974 voxels],0.563868 [2568 voxels],0.582121 [12617 voxels],0.492248 [1547 voxels],0.498905 [5553 voxels],0.532902 [5066 voxels],0.503516 [17093 voxels],0.493971 [4478 voxels],0.568175 [1821 voxels],0.549954 [8200 voxels],0.519163 [3410 voxels],0.563764 [2076 voxels],0.550273 [1349 voxels],0.532345 [2056 voxels],0.61135 [275 voxels],0.462882 [15981 voxels],0.470028 [2377 voxels],0.428527 [3846 voxels],0.459714 [21246 voxels],0.489119 [23457 voxels],0.434919 [1096 voxels]
,,0.902253 [1979 voxels],0.853057 [8826 voxels],0.797566 [6190 voxels],0.99964 [1665 voxels],0.895319 [4262 voxels],0.80291 [4819 voxels],0.996644 [18464 voxels],0.999999 [5640 voxels],0.999999 [5153 voxels],0.953571 [79800 voxels],0.984122 [4273 voxels],0.929782 [6557 voxels],0.960774 [42295 voxels],0.799493 [16349 voxels],0.856698 [3860 voxels],0.962654 [4695 voxels],1 [5733 voxels],0.928864 [5822 voxels],0.983241 [13488 voxels],0.978851 [12635 voxels],0.878627 [13909 voxels],0.971647 [10811 voxels],0.976769 [21586 voxels],0.938626 [2746 voxels],0.928207 [14037 voxels],0.925246 [4974 voxels],0.905244 [2568 voxels],0.845399 [12617 voxels],0.997975 [1547 voxels],0.924055 [5553 voxels],0.855174 [5066 voxels],0.999893 [17093 voxels],0.655877 [4478 voxels],0.871474 [1821 voxels],0.893351 [8200 voxels],0.934813 [3410 voxels],0.880494 [2076 voxels],0.899686 [1349 voxels],0.889555 [2056 voxels],0.871411 [275 voxels],0.99931 [15981 voxels],0.919388 [2377 voxels],0.93749 [3846 voxels],0.991727 [21246 voxels],0.934339 [23457 voxels],0.885624 [1096 voxels]
,,0.444711 [1979 voxels],0.474049 [8826 voxels],0.433854 [6190 voxels],0.46969 [1665 voxels],0.464744 [4262 voxels],0.446501 [4819 voxels],0.452422 [18464 voxels],0.426745 [5640 voxels],0.456755 [5153 voxels],0.494988 [79800 voxels],0.461667 [4273 voxels],0.477138 [6557 voxels],0.482153 [42295 voxels],0.46846 [16349 voxels],0.539927 [3860 voxels],0.615888 [4695 voxels],0.56831 [5733 voxels],0.668082 [5822 voxels],0.546624 [13488 voxels],0.581353 [12635 voxels],0.489269 [13909 voxels],0.596602 [10811 voxels],0.528177 [21586 voxels],0.531745 [2746 voxels],0.553008 [14037 voxels],0.561523 [4974 voxels],0.565432 [2568 voxels],0.599765 [12617 voxels],0.497272 [1547 voxels],0.533094 [5553 voxels],0.544158 [5066 voxels],0.478694 [17093 voxels],0.511386 [4478 voxels],0.546317 [1821 voxels],0.525411 [8200 voxels],0.556174 [3410 voxels],0.59928 [2076 voxels],0.579357 [1349 voxels],0.577118 [2056 voxels],0.656931 [275 voxels],0.450386 [15981 voxels],0.475749 [2377 voxels],0.393523 [3846 voxels],0.471468 [21246 voxels],0.510822 [23457 voxels],0.492187 [1096 voxels]
,,0.449528 [1979 voxels],0.447651 [8826 voxels],0.449339 [6190 voxels],0.471212 [1665 voxels],0.445591 [4262 voxels],0.427115 [4819 voxels],0.427493 [18464 voxels],0.436027 [5640 voxels],0.455332 [5153 voxels],0.50622 [79800 voxels],0.481703 [4273 voxels],0.44847 [6557 voxels],0.45569 [42295 voxels],0.473716 [16349 voxels],0.548041 [3860 voxels],0.539239 [4695 voxels],0.582402 [5733 voxels],0.644968 [5822 voxels],0.552485 [13488 voxels],0.572563 [12635 voxels],0.487182 [13909 voxels],0.566203 [10811 voxels],0.514211 [21586 voxels],0.496933 [2746 voxels],0.519828 [14037 voxels],0.584109 [4974 voxels],0.619514 [2568 voxels],0.584767 [12617 voxels],0.527684 [1547 voxels],0.552398 [5553 voxels],0.54029 [5066 voxels],0.499254 [17093 voxels],0.46637 [4478 voxels],0.520277 [1821 voxels],0.537272 [8200 voxels],0.522083 [3410 voxels],0.605167 [2076 voxels],0.556955 [1349 voxels],0.537978 [2056 voxels],0.612725 [275 voxels],0.45051 [15981 voxels],0.480405 [2377 voxels],0.415643 [3846 voxels],0.477448 [21246 voxels],0.528692 [23457 voxels],0.508427 [1096 voxels]
,,0.411272 [1979 voxels],0.448213 [8826 voxels],0.475554 [6190 voxels],0.430583 [1665 voxels],0.414256 [4262 voxels],0.429763 [4819 voxels],0.415626 [18464 voxels],0.400756 [5640 voxels],0.440444 [5153 voxels],0.497325 [79800 voxels],0.446178 [4273 voxels],0.404535 [6557 voxels],0.471112 [42295 voxels],0.446862 [16349 voxels],0.524362 [3860 voxels],0.539928 [4695 voxels],0.521138 [5733 voxels],0.642889 [5822 voxels],0.535002 [13488 voxels],0.517134 [12635 voxels],0.479299 [13909 voxels],0.522441 [10811 voxels],0.486661 [21586 voxels],0.47202 [2746 voxels],0.534365 [14037 voxels],0.556993 [4974 voxels],0.505646 [2568 voxels],0.549522 [12617 voxels],0.476931 [1547 voxels],0.486293 [5553 voxels],0.490819 [5066 voxels],0.448519 [17093 voxels],0.472239 [4478 voxels],0.532361 [1821 voxels],0.510731 [8200 voxels],0.521486 [3410 voxels],0.529905 [2076 voxels],0.544798 [1349 voxels],0.521339 [2056 voxels],0.631403 [275 voxels],0.444284 [15981 voxels],0.460676 [2377 voxels],0.420494 [3846 voxels],0.441142 [21246 voxels],0.508081 [23457 voxels],0.48747 [1096 voxels]
,,0.451333 [1979 voxels],0.470804 [8826 voxels],0.461458 [6190 voxels],0.45277 [1665 voxels],0.444271 [4262 voxels],0.418962 [4819 voxels],0.442225 [18464 voxels],0.402366 [5640 voxels],0.459497 [5153 voxels],0.517383 [79800 voxels],0.454209 [4273 voxels],0.453058 [6557 voxels],0.479577 [42295 voxels],0.487695 [16349 voxels],0.528248 [3860 voxels],0.541973 [4695 voxels],0.578364 [5733 voxels],0.632881 [5822 voxels],0.564644 [13488 voxels],0.549386 [12635 voxels],0.489509 [13909 voxels],0.53315 [10811 voxels],0.501478 [21586 voxels],0.503602 [2746 voxels],0.530389 [14037 voxels],0.642855 [4974 voxels],0.523741 [2568 voxels],0.560228 [12617 voxels],0.500821 [1547 voxels],0.502277 [5553 voxels],0.487782 [5066 voxels],0.484662 [17093 voxels],0.487944 [4478 voxels],0.56359 [1821 voxels],0.529533 [8200 voxels],0.535664 [3410 voxels],0.574156 [2076 voxels],0.582985 [1349 voxels],0.557437 [2056 voxels],0.632283 [275 voxels],0.468014 [15981 voxels],0.468679 [2377 voxels],0.459961 [3846 voxels],0.476264 [21246 voxels],0.526605 [23457 voxels],0.491903 [1096 voxels]
,,0.415927 [1979 voxels],0.470967 [8826 voxels],0.442925 [6190 voxels],0.474938 [1665 voxels],0.452134 [4262 voxels],0.47045 [4819 voxels],0.435407 [18464 voxels],0.423248 [5640 voxels],0.452123 [5153 voxels],0.475568 [79800 voxels],0.437005 [4273 voxels],0.479976 [6557 voxels],0.472857 [42295 voxels],0.462201 [16349 voxels],0.57555 [3860 voxels],0.566842 [4695 voxels],0.521085 [5733 voxels],0.652667 [5822 voxels],0.530033 [13488 voxels],0.543513 [12635 voxels],0.50465 [13909 voxels],0.567844 [10811 voxels],0.51124 [21586 voxels],0.473116 [2746 voxels],0.545251 [14037 voxels],0.576076 [4974 voxels],0.611053 [2568 voxels],0.600866 [12617 voxels],0.553411 [1547 voxels],0.55956 [5553 voxels],0.534355 [5066 voxels],0.45928 [17093 voxels],0.473201 [4478 voxels],0.507785 [1821 voxels],0.511689 [8200 voxels],0.531192 [3410 voxels],0.565541 [2076 voxels],0.575257 [1349 voxels],0.542508 [2056 voxels],0.611321 [275 voxels],0.460915 [15981 voxels],0.436728 [2377 voxels],0.44215 [3846 voxels],0.475723 [21246 voxels],0.505329 [23457 voxels],0.498183 [1096 voxels]
,,0.451437 [1979 voxels],0.454842 [8826 voxels],0.460711 [6190 voxels],0.465142 [1665 voxels],0.475654 [4262 voxels],0.476882 [4819 voxels],0.446793 [18464 voxels],0.415944 [5640 voxels],0.440169 [5153 voxels],0.502771 [79800 voxels],0.456591 [4273 voxels],0.441744 [6557 voxels],0.461559 [42295 voxels],0.467111 [16349 voxels],0.560799 [3860 voxels],0.54216 [4695 voxels],0.574768 [5733 voxels],0.649335 [5822 voxels],0.537666 [13488 voxels],0.555331 [12635 voxels],0.492411 [13909 voxels],0.540744 [10811 voxels],0.492603 [21586 voxels],0.501796 [2746 voxels],0.548323 [14037 voxels],0.568124 [4974 voxels],0.579886 [2568 voxels],0.609205 [12617 voxels],0.469707 [1547 voxels],0.551413 [5553 voxels],0.577556 [5066 voxels],0.470799 [17093 voxels],0.492762 [4478 voxels],0.532939 [1821 voxels],0.528607 [8200 voxels],0.524682 [3410 voxels],0.58682 [2076 voxels],0.566058 [1349 voxels],0.50836 [2056 voxels],0.594773 [275 voxels],0.457383 [15981 voxels],0.455723 [2377 voxels],0.423675 [3846 voxels],0.483523 [21246 voxels],0.517077 [23457 voxels],0.446307 [1096 voxels]
,,0.456097 [1979 voxels],0.473392 [8826 voxels],0.486651 [6190 voxels],0.542492 [1665 voxels],0.458008 [4262 voxels],0.419063 [4819 voxels],0.436102 [18464 voxels],0.398029 [5640 voxels],0.438664 [5153 voxels],0.490156 [79800 voxels],0.436924 [4273 voxels],0.425478 [6557 voxels],0.453425 [42295 voxels],0.458167 [16349 voxels],0.589082 [3860 voxels],0.580287 [4695 voxels],0.513037 [5733 voxels],0.595926 [5822 voxels],0.532261 [13488 voxels],0.537168 [12635 voxels],0.503662 [13909 voxels],0.538114 [10811 voxels],0.495223 [21586 voxels],0.509497 [2746 voxels],0.53172 [14037 voxels],0.55589 [4974 voxels],0.567594 [2568 voxels],0.567738 [12617 voxels],0.530436 [1547 voxels],0.49339 [5553 voxels],0.525477 [5066 voxels],0.447711 [17093 voxels],0.485175 [4478 voxels],0.530173 [1821 voxels],0.524375 [8200 voxels],0.521519 [3410 voxels],0.57385 [2076 voxels],0.567019 [1349 voxels],0.536206 [2056 voxels],0.637668 [275 voxels],0.445664 [15981 voxels],0.466112 [2377 voxels],0.416451 [3846 voxels],0.450862 [21246 voxels],0.529839 [23457 voxels],0.484898 [1096 voxels]
,,0.473664 [1979 voxels],0.474821 [8826 voxels],0.460015 [6190 voxels],0.465827 [1665 voxels],0.478374 [4262 voxels],0.447746 [4819 voxels],0.439743 [18464 voxels],0.441782 [5640 voxels],0.435602 [5153 voxels],0.498249 [79800 voxels],0.443477 [4273 voxels],0.460354 [6557 voxels],0.479272 [42295 voxels],0.470958 [16349 voxels],0.536176 [3860 voxels],0.600727 [4695 voxels],0.562001 [5733 voxels],0.629413 [5822 voxels],0.536615 [13488 voxels],0.552911 [12635 voxels],0.492725 [13909 voxels],0.548502 [10811 voxels],0.514155 [21586 voxels],0.464253 [2746 voxels],0.534927 [14037 voxels],0.533948 [4974 voxels],0.505761 [2568 voxels],0.576138 [12617 voxels],0.487711 [1547 voxels],0.507 [5553 voxels],0.478091 [5066 voxels],0.482312 [17093 voxels],0.495994 [4478 voxels],0.52941 [1821 voxels],0.529982 [8200 voxels],0.543224 [3410 voxels],0.570888 [2076 voxels],0.578979 [1349 voxels],0.523917 [2056 voxels],0.581909 [275 voxels],0.458398 [15981 voxels],0.461143 [2377 voxels],0.464336 [3846 voxels],0.468415 [21246 voxels],0.519503 [23457 voxels],0.491804 [1096 voxels]
,,0.450249 [1979 voxels],0.464555 [8826 voxels],0.494443 [6190 voxels],0.465325 [1665 voxels],0.460183 [4262 voxels],0.479037 [4819 voxels],0.456522 [18464 voxels],0.473749 [5640 voxels],0.457487 [5153 voxels],0.504245 [79800 voxels],0.455612 [4273 voxels],0.450761 [6557 voxels],0.489707 [42295 voxels],0.478312 [16349 voxels],0.54351 [3860 voxels],0.543106 [4695 voxels],0.576755 [5733 voxels],0.632156 [5822 voxels],0.526155 [13488 voxels],0.545722 [12635 voxels],0.47592 [13909 voxels],0.577184 [10811 voxels],0.567169 [21586 voxels],0.545296 [2746 voxels],0.523087 [14037 voxels],0.58816 [4974 voxels],0.575381 [2568 voxels],0.610478 [12617 voxels],0.510008 [1547 voxels],0.513016 [5553 voxels],0.540631 [5066 voxels],0.483705 [17093 voxels],0.497784 [4478 voxels],0.526139 [1821 voxels],0.519775 [8200 voxels],0.540137 [3410 voxels],0.512281 [2076 voxels],0.592589 [1349 voxels],0.534319 [2056 voxels],0.618348 [275 voxels],0.47448 [15981 voxels],0.488117 [2377 voxels],0.459794 [3846 voxels],0.490383 [21246 voxels],0.501093 [23457 voxels],0.494928 [1096 voxels]
,,0.396539 [1979 voxels],0.463378 [8826 voxels],0.429713 [6190 voxels],0.471549 [1665 voxels],0.4338 [4262 voxels],0.475154 [4819 voxels],0.436083 [18464 voxels],0.41053 [5640 voxels],0.41906 [5153 voxels],0.488818 [79800 voxels],0.445495 [4273 voxels],0.469872 [6557 voxels],0.486492 [42295 voxels],0.469603 [16349 voxels],0.55937 [3860 voxels],0.575811 [4695 voxels],0.559883 [5733 voxels],0.649937 [5822 voxels],0.556491 [13488 voxels],0.534721 [12635 voxels],0.490983 [13909 voxels],0.561193 [10811 voxels],0.517479 [21586 voxels],0.526705 [2746 voxels],0.535362 [14037 voxels],0.561348 [4974 voxels],0.576777 [2568 voxels],0.590445 [12617 voxels],0.517299 [1547 voxels],0.509532 [5553 voxels],0.522597 [5066 voxels],0.478486 [17093 voxels],0.493279 [4478 voxels],0.524384 [1821 voxels],0.553644 [8200 voxels],0.549604 [3410 voxels],0.572515 [2076 voxels],0.606509 [1349 voxels],0.529963 [2056 voxels],0.603322 [275 voxels],0.451214 [15981 voxels],0.467708 [2377 voxels],0.438794 [3846 voxels],0.462332 [21246 voxels],0.48932 [23457 voxels],0.527966 [1096 voxels]
,,0.424088 [1979 voxels],0.440344 [8826 voxels],0.4122 [6190 voxels],0.469641 [1665 voxels],0.441547 [4262 voxels],0.414041 [4819 voxels],0.426744 [18464 voxels],0.383484 [5640 voxels],0.39775 [5153 voxels],0.490111 [79800 voxels],0.41129 [4273 voxels],0.42528 [6557 voxels],0.419691 [42295 voxels],0.45741 [16349 voxels],0.48088 [3860 voxels],0.526166 [4695 voxels],0.61069 [5733 voxels],0.610224 [5822 voxels],0.563125 [13488 voxels],0.540975 [12635 voxels],0.461797 [13909 voxels],0.512741 [10811 voxels],0.48667 [21586 voxels],0.452585 [2746 voxels],0.507396 [14037 voxels],0.579295 [4974 voxels],0.505506 [2568 voxels],0.528819 [12617 voxels],0.499908 [1547 voxels],0.473581 [5553 voxels],0.478665 [5066 voxels],0.577574 [17093 voxels],0.470328 [4478 voxels],0.485487 [1821 voxels],0.501477 [8200 voxels],0.488561 [3410 voxels],0.533424 [2076 voxels],0.540999 [1349 voxels],0.511297 [2056 voxels],0.554388 [275 voxels],0.458209 [15981 voxels],0.455885 [2377 voxels],0.429143 [3846 voxels],0.487096 [21246 voxels],0.487889 [23457 voxels],0.463703 [1096 voxels]
,,0.478151 [1979 voxels],0.475853 [8826 voxels],0.437996 [6190 voxels],0.495389 [1665 voxels],0.460017 [4262 voxels],0.452295 [4819 voxels],0.437422 [18464 voxels],0.430093 [5640 voxels],0.436647 [5153 voxels],0.504955 [79800 voxels],0.480175 [4273 voxels],0.467564 [6557 voxels],0.476381 [42295 voxels],0.482423 [16349 voxels],0.556257 [3860 voxels],0.572969 [4695 voxels],0.513497 [5733 voxels],0.616803 [5822 voxels],0.54462 [13488 voxels],0.543556 [12635 voxels],0.489311 [13909 voxels],0.531995 [10811 voxels],0.513871 [21586 voxels],0.48459 [2746 voxels],0.541564 [14037 voxels],0.579642 [4974 voxels],0.516035 [2568 voxels],0.564777 [12617 voxels],0.508094 [1547 voxels],0.501666 [5553 voxels],0.510761 [5066 voxels],0.466078 [17093 voxels],0.468169 [4478 voxels],0.542124 [1821 voxels],0.531176 [8200 voxels],0.524644 [3410 voxels],0.566916 [2076 voxels],0.559033 [1349 voxels],0.516816 [2056 voxels],0.572517 [275 voxels],0.449706 [15981 voxels],0.458239 [2377 voxels],0.47079 [3846 voxels],0.458285 [21246 voxels],0.518092 [23457 voxels],0.472 [1096 voxels]
,,0.437191 [1979 voxels],0.453801 [8826 voxels],0.44204 [6190 voxels],0.478625 [1665 voxels],0.425158 [4262 voxels],0.466865 [4819 voxels],0.444107 [18464 voxels],0.439697 [5640 voxels],0.428634 [5153 voxels],0.484135 [79800 voxels],0.473007 [4273 voxels],0.473825 [6557 voxels],0.473371 [42295 voxels],0.459293 [16349 voxels],0.514517 [3860 voxels],0.542849 [4695 voxels],0.558328 [5733 voxels],0.635381 [5822 voxels],0.520323 [13488 voxels],0.536523 [12635 voxels],0.492534 [13909 voxels],0.556995 [10811 voxels],0.523358 [21586 voxels],0.477174 [2746 voxels],0.529216 [14037 voxels],0.590967 [4974 voxels],0.584567 [2568 voxels],0.581758 [12617 voxels],0.505777 [1547 voxels],0.543566 [5553 voxels],0.515934 [5066 voxels],0.495768 [17093 voxels],0.512699 [4478 voxels],0.534172 [1821 voxels],0.529267 [8200 voxels],0.519421 [3410 voxels],0.55882 [2076 voxels],0.544411 [1349 voxels],0.522654 [2056 voxels],0.612514 [275 voxels],0.492118 [15981 voxels],0.447621 [2377 voxels],0.448945 [3846 voxels],0.468783 [21246 voxels],0.506574 [23457 voxels],0.448089 [1096 voxels]
,,0.466331 [1979 voxels],0.451589 [8826 voxels],0.435171 [6190 voxels],0.521214 [1665 voxels],0.426457 [4262 voxels],0.408451 [4819 voxels],0.442959 [18464 voxels],0.450161 [5640 voxels],0.425537 [5153 voxels],0.494024 [79800 voxels],0.422438 [4273 voxels],0.452218 [6557 voxels],0.4498 [42295 voxels],0.44488 [16349 voxels],0.522289 [3860 voxels],0.524963 [4695 voxels],0.55965 [5733 voxels],0.57202 [5822 voxels],0.537437 [13488 voxels],0.54167 [12635 voxels],0.470709 [13909 voxels],0.532991 [10811 voxels],0.501512 [21586 voxels],0.471594 [2746 voxels],0.473561 [14037 voxels],0.599963 [4974 voxels],0.523443 [2568 voxels],0.547521 [12617 voxels],0.486077 [1547 voxels],0.502435 [5553 voxels],0.506584 [5066 voxels],0.491425 [17093 voxels],0.485703 [4478 voxels],0.486153 [1821 voxels],0.525481 [8200 voxels],0.533805 [3410 voxels],0.557961 [2076 voxels],0.556456 [1349 voxels],0.528036 [2056 voxels],0.572825 [275 voxels],0.460837 [15981 voxels],0.4485 [2377 voxels],0.424948 [3846 voxels],0.487898 [21246 voxels],0.513512 [23457 voxels],0.456408 [1096 voxels]
,,0.406854 [1979 voxels],0.454514 [8826 voxels],0.463956 [6190 voxels],0.468656 [1665 voxels],0.437605 [4262 voxels],0.441433 [4819 voxels],0.449721 [18464 voxels],0.45544 [5640 voxels],0.426261 [5153 voxels],0.461246 [79800 voxels],0.417278 [4273 voxels],0.431611 [6557 voxels],0.464435 [42295 voxels],0.444381 [16349 voxels],0.520999 [3860 voxels],0.513579 [4695 voxels],0.613946 [5733 voxels],0.62484 [5822 voxels],0.548769 [13488 voxels],0.539003 [12635 voxels],0.474622 [13909 voxels],0.580162 [10811 voxels],0.511 [21586 voxels],0.507404 [2746 voxels],0.534917 [14037 voxels],0.579664 [4974 voxels],0.597427 [2568 voxels],0.592234 [12617 voxels],0.48657 [1547 voxels],0.506509 [5553 voxels],0.520474 [5066 voxels],0.479247 [17093 voxels],0.475997 [4478 voxels],0.531818 [1821 voxels],0.524894 [8200 voxels],0.541563 [3410 voxels],0.557766 [2076 voxels],0.582856 [1349 voxels],0.529079 [2056 voxels],0.641603 [275 voxels],0.428886 [15981 voxels],0.434912 [2377 voxels],0.425097 [3846 voxels],0.483139 [21246 voxels],0.494234 [23457 voxels],0.488368 [1096 voxels]
,,0.466319 [1979 voxels],0.460238 [8826 voxels],0.468331 [6190 voxels],0.521774 [1665 voxels],0.426003 [4262 voxels],0.491467 [4819 voxels],0.470668 [18464 voxels],0.490575 [5640 voxels],0.421198 [5153 voxels],0.514064 [79800 voxels],0.451435 [4273 voxels],0.463645 [6557 voxels],0.475239 [42295 voxels],0.476335 [16349 voxels],0.578871 [3860 voxels],0.54069 [4695 voxels],0.587128 [5733 voxels],0.593285 [5822 voxels],0.574223 [13488 voxels],0.55838 [12635 voxels],0.494829 [13909 voxels],0.575264 [10811 voxels],0.539281 [21586 voxels],0.443931 [2746 voxels],0.516641 [14037 voxels],0.61527 [4974 voxels],0.5965 [2568 voxels],0.642646 [12617 voxels],0.535184 [1547 voxels],0.53933 [5553 voxels],0.537971 [5066 voxels],0.51557 [17093 voxels],0.506942 [4478 voxels],0.52731 [1821 voxels],0.537967 [8200 voxels],0.526834 [3410 voxels],0.587834 [2076 voxels],0.603432 [1349 voxels],0.562533 [2056 voxels],0.595111 [275 voxels],0.494325 [15981 voxels],0.468036 [2377 voxels],0.463927 [3846 voxels],0.503947 [21246 voxels],0.50468 [23457 voxels],0.432215 [1096 voxels]
,,0.444313 [1979 voxels],0.436451 [8826 voxels],0.459907 [6190 voxels],0.488015 [1665 voxels],0.444148 [4262 voxels],0.47084 [4819 voxels],0.457022 [18464 voxels],0.448063 [5640 voxels],0.43269 [5153 voxels],0.49504 [79800 voxels],0.464199 [4273 voxels],0.449147 [6557 voxels],0.469173 [42295 voxels],0.457869 [16349 voxels],0.544163 [3860 voxels],0.512862 [4695 voxels],0.551058 [5733 voxels],0.586029 [5822 voxels],0.522356 [13488 voxels],0.51032 [12635 voxels],0.475168 [13909 voxels],0.549107 [10811 voxels],0.497757 [21586 voxels],0.528911 [2746 voxels],0.482252 [14037 voxels],0.584276 [4974 voxels],0.550043 [2568 voxels],0.570785 [12617 voxels],0.49032 [1547 voxels],0.493196 [5553 voxels],0.524647 [5066 voxels],0.462684 [17093 voxels],0.461824 [4478 voxels],0.495838 [1821 voxels],0.510722 [8200 voxels],0.525777 [3410 voxels],0.532432 [2076 voxels],0.606533 [1349 voxels],0.54294 [2056 voxels],0.567802 [275 voxels],0.449057 [15981 voxels],0.457036 [2377 voxels],0.44085 [3846 voxels],0.476279 [21246 voxels],0.486905 [23457 voxels],0.462619 [1096 voxels]
,,0.409245 [1979 voxels],0.431859 [8826 voxels],0.443633 [6190 voxels],0.457957 [1665 voxels],0.395314 [4262 voxels],0.456763 [4819 voxels],0.43481 [18464 voxels],0.416856 [5640 voxels],0.428107 [5153 voxels],0.480503 [79800 voxels],0.423042 [4273 voxels],0.441862 [6557 voxels],0.463376 [42295 voxels],0.456845 [16349 voxels],0.566452 [3860 voxels],0.531358 [4695 voxels],0.520856 [5733 voxels],0.648307 [5822 voxels],0.531044 [13488 voxels],0.522928 [12635 voxels],0.467533 [13909 voxels],0.518845 [10811 voxels],0.484712 [21586 voxels],0.459971 [2746 voxels],0.525802 [14037 voxels],0.619085 [4974 voxels],0.503974 [2568 voxels],0.545594 [12617 voxels],0.549238 [1547 voxels],0.48395 [5553 voxels],0.498536 [5066 voxels],0.455593 [17093 voxels],0.46747 [4478 voxels],0.521426 [1821 voxels],0.506737 [8200 voxels],0.535029 [3410 voxels],0.527609 [2076 voxels],0.538191 [1349 voxels],0.513622 [2056 voxels],0.544657 [275 voxels],0.441068 [15981 voxels],0.456045 [2377 voxels],0.419144 [3846 voxels],0.450473 [21246 voxels],0.496398 [23457 voxels],0.450786 [1096 voxels]
,,0.422788 [1979 voxels],0.425156 [8826 voxels],0.394391 [6190 voxels],0.458983 [1665 voxels],0.399522 [4262 voxels],0.412143 [4819 voxels],0.463549 [18464 voxels],0.407686 [5640 voxels],0.433744 [5153 voxels],0.470293 [79800 voxels],0.449386 [4273 voxels],0.436054 [6557 voxels],0.463661 [42295 voxels],0.448707 [16349 voxels],0.59275 [3860 voxels],0.532127 [4695 voxels],0.535349 [5733 voxels],0.686896 [5822 voxels],0.54725 [13488 voxels],0.577974 [12635 voxels],0.531 [13909 voxels],0.579052 [10811 voxels],0.52262 [21586 voxels],0.545802 [2746 voxels],0.552205 [14037 voxels],0.61914 [4974 voxels],0.606254 [2568 voxels],0.631674 [12617 voxels],0.52963 [1547 voxels],0.523848 [5553 voxels],0.54427 [5066 voxels],0.463619 [17093 voxels],0.531471 [4478 voxels],0.542287 [1821 voxels],0.554732 [8200 voxels],0.543899 [3410 voxels],0.556562 [2076 voxels],0.590304 [1349 voxels],0.540157 [2056 voxels],0.605264 [275 voxels],0.422652 [15981 voxels],0.452789 [2377 voxels],0.423609 [3846 voxels],0.467131 [21246 voxels],0.499657 [23457 voxels],0.432361 [1096 voxels]
,,0.427922 [1979 voxels],0.45586 [8826 voxels],0.455583 [6190 voxels],0.457536 [1665 voxels],0.449843 [4262 voxels],0.484284 [4819 voxels],0.442996 [18464 voxels],0.409261 [5640 voxels],0.456296 [5153 voxels],0.489023 [79800 voxels],0.445978 [4273 voxels],0.436721 [6557 voxels],0.465364 [42295 voxels],0.466956 [16349 voxels],0.551213 [3860 voxels],0.58466 [4695 voxels],0.547858 [5733 voxels],0.659449 [5822 voxels],0.535449 [13488 voxels],0.544787 [12635 voxels],0.480567 [13909 voxels],0.548532 [10811 voxels],0.501418 [21586 voxels],0.515076 [2746 voxels],0.547641 [14037 voxels],0.555077 [4974 voxels],0.566235 [2568 voxels],0.571587 [12617 voxels],0.47903 [1547 voxels],0.486507 [5553 voxels],0.501079 [5066 voxels],0.468446 [17093 voxels],0.470813 [4478 voxels],0.512734 [1821 voxels],0.535877 [8200 voxels],0.529565 [3410 voxels],0.566523 [2076 voxels],0.564711 [1349 voxels],0.531726 [2056 voxels],0.59205 [275 voxels],0.451205 [15981 voxels],0.472715 [2377 voxels],0.418928 [3846 voxels],0.460974 [21246 voxels],0.499027 [23457 voxels],0.439935 [1096 voxels]
,,0.42212 [1979 voxels],0.456691 [8826 voxels],0.429271 [6190 voxels],0.512947 [1665 voxels],0.476557 [4262 voxels],0.439056 [4819 voxels],0.431688 [18464 voxels],0.435336 [5640 voxels],0.414603 [5153 voxels],0.482149 [79800 voxels],0.433945 [4273 voxels],0.443924 [6557 voxels],0.463461 [42295 voxels],0.472252 [16349 voxels],0.561891 [3860 voxels],0.543339 [4695 voxels],0.513994 [5733 voxels],0.614653 [5822 voxels],0.528316 [13488 voxels],0.523775 [12635 voxels],0.462884 [13909 voxels],0.520204 [10811 voxels],0.481194 [21586 voxels],0.470472 [2746 voxels],0.513878 [14037 voxels],0.568669 [4974 voxels],0.556221 [2568 voxels],0.552023 [12617 voxels],0.504135 [1547 voxels],0.48755 [5553 voxels],0.512852 [5066 voxels],0.470543 [17093 voxels],0.486906 [4478 voxels],0.528888 [1821 voxels],0.501036 [8200 voxels],0.53156 [3410 voxels],0.536501 [2076 voxels],0.561574 [1349 voxels],0.533984 [2056 voxels],0.614743 [275 voxels],0.442685 [15981 voxels],0.449674 [2377 voxels],0.41224 [3846 voxels],0.470279 [21246 voxels],0.496631 [23457 voxels],0.439972 [1096 voxels]
,,0.431928 [1979 voxels],0.479407 [8826 voxels],0.440156 [6190 voxels],0.505689 [1665 voxels],0.459329 [4262 voxels],0.467386 [4819 voxels],0.43366 [18464 voxels],0.411173 [5640 voxels],0.460546 [5153 voxels],0.500004 [79800 voxels],0.448031 [4273 voxels],0.466559 [6557 voxels],0.488938 [42295 voxels],0.463908 [16349 voxels],0.546684 [3860 voxels],0.559523 [4695 voxels],0.558516 [5733 voxels],0.655068 [5822 voxels],0.564989 [13488 voxels],0.536097 [12635 voxels],0.488721 [13909 voxels],0.599575 [10811 voxels],0.544483 [21586 voxels],0.486014 [2746 voxels],0.518315 [14037 voxels],0.58239 [4974 voxels],0.587329 [2568 voxels],0.603307 [12617 voxels],0.511184 [1547 voxels],0.534258 [5553 voxels],0.557917 [5066 voxels],0.488585 [17093 voxels],0.4996 [4478 voxels],0.56067 [1821 voxels],0.519736 [8200 voxels],0.562488 [3410 voxels],0.5409 [2076 voxels],0.595719 [1349 voxels],0.528569 [2056 voxels],0.589046 [275 voxels],0.45301 [15981 voxels],0.453997 [2377 voxels],0.435814 [3846 voxels],0.45496 [21246 voxels],0.497309 [23457 voxels],0.45974 [1096 voxels]
,,0.491717 [1979 voxels],0.45582 [8826 voxels],0.417911 [6190 voxels],0.483247 [1665 voxels],0.419741 [4262 voxels],0.457421 [4819 voxels],0.460075 [18464 voxels],0.438186 [5640 voxels],0.440615 [5153 voxels],0.53465 [79800 voxels],0.432946 [4273 voxels],0.455997 [6557 voxels],0.463574 [42295 voxels],0.463468 [16349 voxels],0.525151 [3860 voxels],0.617556 [4695 voxels],0.592634 [5733 voxels],0.662016 [5822 voxels],0.564317 [13488 voxels],0.567022 [12635 voxels],0.479769 [13909 voxels],0.586712 [10811 voxels],0.528447 [21586 voxels],0.491057 [2746 voxels],0.540063 [14037 voxels],0.547844 [4974 voxels],0.539937 [2568 voxels],0.579169 [12617 voxels],0.514759 [1547 voxels],0.493596 [5553 voxels],0.518724 [5066 voxels],0.499554 [17093 voxels],0.484225 [4478 voxels],0.531451 [1821 voxels],0.515938 [8200 voxels],0.513868 [3410 voxels],0.539544 [2076 voxels],0.547977 [1349 voxels],0.545656 [2056 voxels],0.583921 [275 voxels],0.471242 [15981 voxels],0.471169 [2377 voxels],0.455262 [3846 voxels],0.493736 [21246 voxels],0.522494 [23457 voxels],0.447234 [1096 voxels]
,,0.444703 [1979 voxels],0.454191 [8826 voxels],0.463694 [6190 voxels],0.492916 [1665 voxels],0.424315 [4262 voxels],0.470846 [4819 voxels],0.44062 [18464 voxels],0.423506 [5640 voxels],0.441545 [5153 voxels],0.480843 [79800 voxels],0.434351 [4273 voxels],0.461519 [6557 voxels],0.464293 [42295 voxels],0.461974 [16349 voxels],0.574686 [3860 voxels],0.598623 [4695 voxels],0.564944 [5733 voxels],0.653749 [5822 voxels],0.566749 [13488 voxels],0.555644 [12635 voxels],0.514254 [13909 voxels],0.562663 [10811 voxels],0.505048 [21586 voxels],0.512974 [2746 voxels],0.55345 [14037 voxels],0.583937 [4974 voxels],0.589491 [2568 voxels],0.594588 [12617 voxels],0.534647 [1547 voxels],0.521993 [5553 voxels],0.535852 [5066 voxels],0.479567 [17093 voxels],0.474886 [4478 voxels],0.579421 [1821 voxels],0.579171 [8200 voxels],0.531233 [3410 voxels],0.5975 [2076 voxels],0.587426 [1349 voxels],0.54418 [2056 voxels],0.612317 [275 voxels],0.455758 [15981 voxels],0.466895 [2377 voxels],0.432976 [3846 voxels],0.490657 [21246 voxels],0.507411 [23457 voxels],0.463973 [1096 voxels]
,,0.434818 [1979 voxels],0.47814 [8826 voxels],0.43674 [6190 voxels],0.465863 [1665 voxels],0.439324 [4262 voxels],0.444379 [4819 voxels],0.427317 [18464 voxels],0.419293 [5640 voxels],0.433709 [5153 voxels],0.507647 [79800 voxels],0.404907 [4273 voxels],0.436403 [6557 voxels],0.467086 [42295 voxels],0.46888 [16349 voxels],0.560307 [3860 voxels],0.530113 [4695 voxels],0.588848 [5733 voxels],0.633853 [5822 voxels],0.547634 [13488 voxels],0.540845 [12635 voxels],0.472773 [13909 voxels],0.5402 [10811 voxels],0.518675 [21586 voxels],0.493345 [2746 voxels],0.523779 [14037 voxels],0.588212 [4974 voxels],0.522737 [2568 voxels],0.552713 [12617 voxels],0.501054 [1547 voxels],0.457331 [5553 voxels],0.493325 [5066 voxels],0.487911 [17093 voxels],0.463059 [4478 voxels],0.480185 [1821 voxels],0.508972 [8200 voxels],0.527132 [3410 voxels],0.571951 [2076 voxels],0.553297 [1349 voxels],0.55908 [2056 voxels],0.625811 [275 voxels],0.451927 [15981 voxels],0.45547 [2377 voxels],0.432625 [3846 voxels],0.465239 [21246 voxels],0.499677 [23457 voxels],0.497638 [1096 voxels]
,,0.433082 [1979 voxels],0.476462 [8826 voxels],0.451646 [6190 voxels],0.496585 [1665 voxels],0.454488 [4262 voxels],0.418863 [4819 voxels],0.430599 [18464 voxels],0.393793 [5640 voxels],0.437001 [5153 voxels],0.487435 [79800 voxels],0.450783 [4273 voxels],0.458371 [6557 voxels],0.455116 [42295 voxels],0.459535 [16349 voxels],0.536347 [3860 voxels],0.553838 [4695 voxels],0.473026 [5733 voxels],0.613795 [5822 voxels],0.531486 [13488 voxels],0.503965 [12635 voxels],0.461732 [13909 voxels],0.497597 [10811 voxels],0.483814 [21586 voxels],0.475003 [2746 voxels],0.51203 [14037 voxels],0.559208 [4974 voxels],0.523529 [2568 voxels],0.536389 [12617 voxels],0.531917 [1547 voxels],0.466768 [5553 voxels],0.481286 [5066 voxels],0.453261 [17093 voxels],0.48298 [4478 voxels],0.541784 [1821 voxels],0.520849 [8200 voxels],0.537516 [3410 voxels],0.553718 [2076 voxels],0.556855 [1349 voxels],0.543239 [2056 voxels],0.60124 [275 voxels],0.431167 [15981 voxels],0.435829 [2377 voxels],0.432644 [3846 voxels],0.439848 [21246 voxels],0.506324 [23457 voxels],0.495782 [1096 voxels]
,,0.413372 [1979 voxels],0.45615 [8826 voxels],0.456296 [6190 voxels],0.50029 [1665 voxels],0.447393 [4262 voxels],0.438441 [4819 voxels],0.444962 [18464 voxels],0.423817 [5640 voxels],0.435136 [5153 voxels],0.494045 [79800 voxels],0.445007 [4273 voxels],0.473467 [6557 voxels],0.459386 [42295 voxels],0.459564 [16349 voxels],0.50327 [3860 voxels],0.580223 [4695 voxels],0.508013 [5733 voxels],0.692436 [5822 voxels],0.535463 [13488 voxels],0.527672 [12635 voxels],0.494718 [13909 voxels],0.536238 [10811 voxels],0.472733 [21586 voxels],0.460157 [2746 voxels],0.568344 [14037 voxels],0.61381 [4974 voxels],0.528796 [2568 voxels],0.548544 [12617 voxels],0.535264 [1547 voxels],0.481383 [5553 voxels],0.498355 [5066 voxels],0.478489 [17093 voxels],0.48008 [4478 voxels],0.55944 [1821 voxels],0.548019 [8200 voxels],0.548625 [3410 voxels],0.58695 [2076 voxels],0.598996 [1349 voxels],0.549426 [2056 voxels],0.594968 [275 voxels],0.467219 [15981 voxels],0.448867 [2377 voxels],0.444232 [3846 voxels],0.456047 [21246 voxels],0.534988 [23457 voxels],0.520192 [1096 voxels]
,,0.41456 [1979 voxels],0.462704 [8826 voxels],0.449267 [6190 voxels],0.481771 [1665 voxels],0.427122 [4262 voxels],0.448438 [4819 voxels],0.445531 [18464 voxels],0.410095 [5640 voxels],0.425329 [5153 voxels],0.502713 [79800 voxels],0.454146 [4273 voxels],0.448764 [6557 voxels],0.454172 [42295 voxels],0.462012 [16349 voxels],0.542221 [3860 voxels],0.530286 [4695 voxels],0.554009 [5733 voxels],0.62747 [5822 voxels],0.548951 [13488 voxels],0.550344 [12635 voxels],0.474975 [13909 voxels],0.543979 [10811 voxels],0.510171 [21586 voxels],0.463765 [2746 voxels],0.51211 [14037 voxels],0.574731 [4974 voxels],0.524557 [2568 voxels],0.577824 [12617 voxels],0.500686 [1547 voxels],0.488811 [5553 voxels],0.518989 [5066 voxels],0.493815 [17093 voxels],0.49461 [4478 voxels],0.558783 [1821 voxels],0.527109 [8200 voxels],0.524767 [3410 voxels],0.556751 [2076 voxels],0.578282 [1349 voxels],0.538373 [2056 voxels],0.590438 [275 voxels],0.479135 [15981 voxels],0.46 [2377 voxels],0.457357 [3846 voxels],0.468666 [21246 voxels],0.480243 [23457 voxels],0.47043 [1096 voxels]
,,0.426097 [1979 voxels],0.455955 [8826 voxels],0.431498 [6190 voxels],0.485343 [1665 voxels],0.438962 [4262 voxels],0.430416 [4819 voxels],0.420634 [18464 voxels],0.438572 [5640 voxels],0.427207 [5153 voxels],0.477708 [79800 voxels],0.440804 [4273 voxels],0.461182 [6557 voxels],0.449094 [42295 voxels],0.448308 [16349 voxels],0.556754 [3860 voxels],0.520566 [4695 voxels],0.564381 [5733 voxels],0.626114 [5822 voxels],0.545109 [13488 voxels],0.553772 [12635 voxels],0.472794 [13909 voxels],0.553707 [10811 voxels],0.493642 [21586 voxels],0.508862 [2746 voxels],0.510514 [14037 voxels],0.602884 [4974 voxels],0.584079 [2568 voxels],0.585261 [12617 voxels],0.488452 [1547 voxels],0.523917 [5553 voxels],0.544565 [5066 voxels],0.469141 [17093 voxels],0.479609 [4478 voxels],0.514043 [1821 voxels],0.528874 [8200 voxels],0.518391 [3410 voxels],0.540204 [2076 voxels],0.56825 [1349 voxels],0.538504 [2056 voxels],0.598479 [275 voxels],0.444576 [15981 voxels],0.429387 [2377 voxels],0.423314 [3846 voxels],0.458918 [21246 voxels],0.482571 [23457 voxels],0.434153 [1096 voxels]
,,0.434505 [1979 voxels],0.463612 [8826 voxels],0.478764 [6190 voxels],0.466303 [1665 voxels],0.444496 [4262 voxels],0.427592 [4819 voxels],0.442757 [18464 voxels],0.41989 [5640 voxels],0.457539 [5153 voxels],0.486761 [79800 voxels],0.437005 [4273 voxels],0.442458 [6557 voxels],0.453445 [42295 voxels],0.44102 [16349 voxels],0.502234 [3860 voxels],0.532511 [4695 voxels],0.542531 [5733 voxels],0.581474 [5822 voxels],0.530378 [13488 voxels],0.520624 [12635 voxels],0.463063 [13909 voxels],0.522636 [10811 voxels],0.478643 [21586 voxels],0.45834 [2746 voxels],0.520977 [14037 voxels],0.560883 [4974 voxels],0.490986 [2568 voxels],0.53786 [12617 voxels],0.466976 [1547 voxels],0.478942 [5553 voxels],0.486411 [5066 voxels],0.473679 [17093 voxels],0.456759 [4478 voxels],0.546797 [1821 voxels],0.517858 [8200 voxels],0.494954 [3410 voxels],0.558648 [2076 voxels],0.575367 [1349 voxels],0.528283 [2056 voxels],0.58364 [275 voxels],0.450842 [15981 voxels],0.45878 [2377 voxels],0.42632 [3846 voxels],0.460645 [21246 voxels],0.499565 [23457 voxels],0.445 [1096 voxels]
,,0.45848 [1979 voxels],0.448922 [8826 voxels],0.465008 [6190 voxels],0.500949 [1665 voxels],0.451386 [4262 voxels],0.439729 [4819 voxels],0.432243 [18464 voxels],0.396394 [5640 voxels],0.410674 [5153 voxels],0.483419 [79800 voxels],0.442001 [4273 voxels],0.421614 [6557 voxels],0.450063 [42295 voxels],0.434458 [16349 voxels],0.562066 [3860 voxels],0.588585 [4695 voxels],0.521272 [5733 voxels],0.628238 [5822 voxels],0.548502 [13488 voxels],0.508188 [12635 voxels],0.479836 [13909 voxels],0.505826 [10811 voxels],0.487681 [21586 voxels],0.488023 [2746 voxels],0.515483 [14037 voxels],0.533243 [4974 voxels],0.491192 [2568 voxels],0.550106 [12617 voxels],0.481194 [1547 voxels],0.470823 [5553 voxels],0.494863 [5066 voxels],0.450974 [17093 voxels],0.438007 [4478 voxels],0.513586 [1821 voxels],0.505315 [8200 voxels],0.520588 [3410 voxels],0.546633 [2076 voxels],0.547006 [1349 voxels],0.547931 [2056 voxels],0.641375 [275 voxels],0.457525 [15981 voxels],0.469107 [2377 voxels],0.436982 [3846 voxels],0.446387 [21246 voxels],0.485091 [23457 voxels],0.428289 [1096 voxels]
,,0.488031 [1979 voxels],0.47564 [8826 voxels],0.454859 [6190 voxels],0.48537 [1665 voxels],0.508344 [4262 voxels],0.44318 [4819 voxels],0.460198 [18464 voxels],0.429076 [5640 voxels],0.449622 [5153 voxels],0.495619 [79800 voxels],0.423995 [4273 voxels],0.438926 [6557 voxels],0.466681 [42295 voxels],0.457587 [16349 voxels],0.569419 [3860 voxels],0.531437 [4695 voxels],0.550787 [5733 voxels],0.58505 [5822 voxels],0.541435 [13488 voxels],0.541989 [12635 voxels],0.487504 [13909 voxels],0.552213 [10811 voxels],0.50956 [21586 voxels],0.477302 [2746 voxels],0.502209 [14037 voxels],0.575345 [4974 voxels],0.525922 [2568 voxels],0.54953 [12617 voxels],0.515667 [1547 voxels],0.503203 [5553 voxels],0.494603 [5066 voxels],0.497868 [17093 voxels],0.462626 [4478 voxels],0.513246 [1821 voxels],0.524616 [8200 voxels],0.530943 [3410 voxels],0.559861 [2076 voxels],0.580704 [1349 voxels],0.547955 [2056 voxels],0.552248 [275 voxels],0.480317 [15981 voxels],0.455459 [2377 voxels],0.407482 [3846 voxels],0.48082 [21246 voxels],0.5034 [23457 voxels],0.440651 [1096 voxels]
,,0.505001 [1979 voxels],0.472373 [8826 voxels],0.500646 [6190 voxels],0.507994 [1665 voxels],0.467874 [4262 voxels],0.467996 [4819 voxels],0.46118 [18464 voxels],0.431731 [5640 voxels],0.446041 [5153 voxels],0.51896 [79800 voxels],0.469724 [4273 voxels],0.43631 [6557 voxels],0.464754 [42295 voxels],0.463226 [16349 voxels],0.520595 [3860 voxels],0.619093 [4695 voxels],0.587478 [5733 voxels],0.654126 [5822 voxels],0.595238 [13488 voxels],0.568263 [12635 voxels],0.51836 [13909 voxels],0.550489 [10811 voxels],0.517054 [21586 voxels],0.513236 [2746 voxels],0.566047 [14037 voxels],0.58838 [4974 voxels],0.574391 [2568 voxels],0.593196 [12617 voxels],0.518058 [1547 voxels],0.53238 [5553 voxels],0.531802 [5066 voxels],0.48381 [17093 voxels],0.494569 [4478 voxels],0.54096 [1821 voxels],0.551666 [8200 voxels],0.533749 [3410 voxels],0.635858 [2076 voxels],0.584059 [1349 voxels],0.58592 [2056 voxels],0.622923 [275 voxels],0.454245 [15981 voxels],0.467553 [2377 voxels],0.462913 [3846 voxels],0.48118 [21246 voxels],0.542234 [23457 voxels],0.469157 [1096 voxels]
,,0.439286 [1979 voxels],0.457999 [8826 voxels],0.457481 [6190 voxels],0.508091 [1665 voxels],0.408924 [4262 voxels],0.485558 [4819 voxels],0.442565 [18464 voxels],0.42633 [5640 voxels],0.44946 [5153 voxels],0.488319 [79800 voxels],0.454597 [4273 voxels],0.44953 [6557 voxels],0.463951 [42295 voxels],0.459071 [16349 voxels],0.573694 [3860 voxels],0.572164 [4695 voxels],0.558526 [5733 voxels],0.607165 [5822 voxels],0.540118 [13488 voxels],0.531302 [12635 voxels],0.481338 [13909 voxels],0.564851 [10811 voxels],0.505154 [21586 voxels],0.477853 [2746 voxels],0.525669 [14037 voxels],0.545686 [4974 voxels],0.617402 [2568 voxels],0.567768 [12617 voxels],0.540163 [1547 voxels],0.493726 [5553 voxels],0.499367 [5066 voxels],0.476655 [17093 voxels],0.474146 [4478 voxels],0.496695 [1821 voxels],0.531614 [8200 voxels],0.526448 [3410 voxels],0.557713 [2076 voxels],0.591297 [1349 voxels],0.536583 [2056 voxels],0.565615 [275 voxels],0.451116 [15981 voxels],0.420465 [2377 voxels],0.408939 [3846 voxels],0.456884 [21246 voxels],0.514276 [23457 voxels],0.479256 [1096 voxels]
,,0.429568 [1979 voxels],0.468261 [8826 voxels],0.433185 [6190 voxels],0.47988 [1665 voxels],0.501609 [4262 voxels],0.449146 [4819 voxels],0.434869 [18464 voxels],0.422123 [5640 voxels],0.422201 [5153 voxels],0.469607 [79800 voxels],0.433988 [4273 voxels],0.460767 [6557 voxels],0.468295 [42295 voxels],0.462651 [16349 voxels],0.491483 [3860 voxels],0.539217 [4695 voxels],0.52348 [5733 voxels],0.607297 [5822 voxels],0.526355 [13488 voxels],0.52499 [12635 voxels],0.484643 [13909 voxels],0.516649 [10811 voxels],0.478916 [21586 voxels],0.507368 [2746 voxels],0.525386 [14037 voxels],0.592697 [4974 voxels],0.507726 [2568 voxels],0.56543 [12617 voxels],0.498373 [1547 voxels],0.505638 [5553 voxels],0.520365 [5066 voxels],0.471562 [17093 voxels],0.455529 [4478 voxels],0.525595 [1821 voxels],0.539992 [8200 voxels],0.547847 [3410 voxels],0.591967 [2076 voxels],0.593729 [1349 voxels],0.548357 [2056 voxels],0.619584 [275 voxels],0.450871 [15981 voxels],0.454354 [2377 voxels],0.434117 [3846 voxels],0.457262 [21246 voxels],0.516289 [23457 voxels],0.452673 [1096 voxels]
,,0.458411 [1979 voxels],0.441927 [8826 voxels],0.430541 [6190 voxels],0.441452 [1665 voxels],0.456941 [4262 voxels],0.412095 [4819 voxels],0.431473 [18464 voxels],0.409188 [5640 voxels],0.411337 [5153 voxels],0.488843 [79800 voxels],0.433767 [4273 voxels],0.442342 [6557 voxels],0.444947 [42295 voxels],0.430839 [16349 voxels],0.541731 [3860 voxels],0.532186 [4695 voxels],0.511003 [5733 voxels],0.612743 [5822 voxels],0.51199 [13488 voxels],0.537926 [12635 voxels],0.453667 [13909 voxels],0.522047 [10811 voxels],0.478155 [21586 voxels],0.470897 [2746 voxels],0.527098 [14037 voxels],0.554393 [4974 voxels],0.49986 [2568 voxels],0.560938 [12617 voxels],0.443142 [1547 voxels],0.48034 [5553 voxels],0.485543 [5066 voxels],0.462901 [17093 voxels],0.447536 [4478 voxels],0.507253 [1821 voxels],0.526061 [8200 voxels],0.495934 [3410 voxels],0.524842 [2076 voxels],0.534954 [1349 voxels],0.529417 [2056 voxels],0.547511 [275 voxels],0.446183 [15981 voxels],0.448913 [2377 voxels],0.423576 [3846 voxels],0.467015 [21246 voxels],0.497283 [23457 voxels],0.461375 [1096 voxels]
,,0.427828 [1979 voxels],0.474864 [8826 voxels],0.414647 [6190 voxels],0.531103 [1665 voxels],0.49479 [4262 voxels],0.457873 [4819 voxels],0.426549 [18464 voxels],0.469784 [5640 voxels],0.437939 [5153 voxels],0.482764 [79800 voxels],0.45845 [4273 voxels],0.442886 [6557 voxels],0.466346 [42295 voxels],0.460961 [16349 voxels],0.505784 [3860 voxels],0.555163 [4695 voxels],0.535788 [5733 voxels],0.656244 [5822 voxels],0.528764 [13488 voxels],0.533037 [12635 voxels],0.487123 [13909 voxels],0.508124 [10811 voxels],0.479247 [21586 voxels],0.436198 [2746 voxels],0.514252 [14037 voxels],0.573481 [4974 voxels],0.513821 [2568 voxels],0.54643 [12617 voxels],0.49992 [1547 voxels],0.487947 [5553 voxels],0.507484 [5066 voxels],0.473603 [17093 voxels],0.480207 [4478 voxels],0.544569 [1821 voxels],0.529257 [8200 voxels],0.53758 [3410 voxels],0.569721 [2076 voxels],0.583636 [1349 voxels],0.554194 [2056 voxels],0.590726 [275 voxels],0.453076 [15981 voxels],0.468394 [2377 voxels],0.4477 [3846 voxels],0.464908 [21246 voxels],0.525518 [23457 voxels],0.473454 [1096 voxels]
,,0.446508 [1979 voxels],0.437999 [8826 voxels],0.470338 [6190 voxels],0.467333 [1665 voxels],0.463827 [4262 voxels],0.404593 [4819 voxels],0.425201 [18464 voxels],0.394672 [5640 voxels],0.465048 [5153 voxels],0.500435 [79800 voxels],0.437047 [4273 voxels],0.409861 [6557 voxels],0.451744 [42295 voxels],0.447221 [16349 voxels],0.563576 [3860 voxels],0.520104 [4695 voxels],0.578005 [5733 voxels],0.648724 [5822 voxels],0.540203 [13488 voxels],0.530494 [12635 voxels],0.455122 [13909 voxels],0.524385 [10811 voxels],0.499266 [21586 voxels],0.489072 [2746 voxels],0.524587 [14037 voxels],0.55307 [4974 voxels],0.50961 [2568 voxels],0.55461 [12617 voxels],0.468585 [1547 voxels],0.46999 [5553 voxels],0.495137 [5066 voxels],0.474736 [17093 voxels],0.473753 [4478 voxels],0.522818 [1821 voxels],0.526716 [8200 voxels],0.535909 [3410 voxels],0.55382 [2076 voxels],0.552917 [1349 voxels],0.559072 [2056 voxels],0.613133 [275 voxels],0.462399 [15981 voxels],0.469092 [2377 voxels],0.403082 [3846 voxels],0.454486 [21246 voxels],0.50138 [23457 voxels],0.503614 [1096 voxels]
,,0.456555 [1979 voxels],0.460759 [8826 voxels],0.477219 [6190 voxels],0.483823 [1665 voxels],0.449631 [4262 voxels],0.458652 [4819 voxels],0.437889 [18464 voxels],0.427623 [5640 voxels],0.45732 [5153 voxels],0.504044 [79800 voxels],0.427894 [4273 voxels],0.436433 [6557 voxels],0.501353 [42295 voxels],0.478064 [16349 voxels],0.545545 [3860 voxels],0.608509 [4695 voxels],0.547806 [5733 voxels],0.666873 [5822 voxels],0.541358 [13488 voxels],0.560685 [12635 voxels],0.504586 [13909 voxels],0.568296 [10811 voxels],0.521099 [21586 voxels],0.532366 [2746 voxels],0.550929 [14037 voxels],0.588067 [4974 voxels],0.585395 [2568 voxels],0.584159 [12617 voxels],0.493039 [1547 voxels],0.493657 [5553 voxels],0.515906 [5066 voxels],0.492512 [17093 voxels],0.484495 [4478 voxels],0.505459 [1821 voxels],0.542535 [8200 voxels],0.546698 [3410 voxels],0.607456 [2076 voxels],0.576932 [1349 voxels],0.562746 [2056 voxels],0.615886 [275 voxels],0.470223 [15981 voxels],0.456107 [2377 voxels],0.469828 [3846 voxels],0.471968 [21246 voxels],0.522041 [23457 voxels],0.46659 [1096 voxels]
,,0.478971 [1979 voxels],0.470952 [8826 voxels],0.461677 [6190 voxels],0.570193 [1665 voxels],0.518555 [4262 voxels],0.424595 [4819 voxels],0.42964 [18464 voxels],0.422312 [5640 voxels],0.449684 [5153 voxels],0.471463 [79800 voxels],0.426035 [4273 voxels],0.457346 [6557 voxels],0.451751 [42295 voxels],0.457725 [16349 voxels],0.536722 [3860 voxels],0.504143 [4695 voxels],0.534061 [5733 voxels],0.599936 [5822 voxels],0.5232 [13488 voxels],0.517941 [12635 voxels],0.464869 [13909 voxels],0.536954 [10811 voxels],0.493699 [21586 voxels],0.459563 [2746 voxels],0.53117 [14037 voxels],0.557224 [4974 voxels],0.514632 [2568 voxels],0.555826 [12617 voxels],0.50316 [1547 voxels],0.481877 [5553 voxels],0.477448 [5066 voxels],0.47574 [17093 voxels],0.462497 [4478 voxels],0.502267 [1821 voxels],0.520366 [8200 voxels],0.525865 [3410 voxels],0.560391 [2076 voxels],0.573786 [1349 voxels],0.539061 [2056 voxels],0.599982 [275 voxels],0.457561 [15981 voxels],0.464911 [2377 voxels],0.435268 [3846 voxels],0.470175 [21246 voxels],0.514596 [23457 voxels],0.442404 [1096 voxels]
,,0.477839 [1979 voxels],0.475608 [8826 voxels],0.446431 [6190 voxels],0.483508 [1665 voxels],0.489295 [4262 voxels],0.423086 [4819 voxels],0.426148 [18464 voxels],0.412969 [5640 voxels],0.426734 [5153 voxels],0.491161 [79800 voxels],0.457714 [4273 voxels],0.450936 [6557 voxels],0.477939 [42295 voxels],0.48333 [16349 voxels],0.556915 [3860 voxels],0.549233 [4695 voxels],0.51033 [5733 voxels],0.623765 [5822 voxels],0.537143 [13488 voxels],0.538985 [12635 voxels],0.478016 [13909 voxels],0.524096 [10811 voxels],0.499455 [21586 voxels],0.513031 [2746 voxels],0.53151 [14037 voxels],0.590857 [4974 voxels],0.516144 [2568 voxels],0.562759 [12617 voxels],0.46683 [1547 voxels],0.480356 [5553 voxels],0.491074 [5066 voxels],0.47221 [17093 voxels],0.459642 [4478 voxels],0.52746 [1821 voxels],0.529809 [8200 voxels],0.524529 [3410 voxels],0.570191 [2076 voxels],0.562768 [1349 voxels],0.52981 [2056 voxels],0.65346 [275 voxels],0.443247 [15981 voxels],0.441918 [2377 voxels],0.482415 [3846 voxels],0.463982 [21246 voxels],0.520409 [23457 voxels],0.484559 [1096 voxels]
,,0.432587 [1979 voxels],0.452246 [8826 voxels],0.457169 [6190 voxels],0.504384 [1665 voxels],0.498955 [4262 voxels],0.4581 [4819 voxels],0.450178 [18464 voxels],0.428388 [5640 voxels],0.491458 [5153 voxels],0.500819 [79800 voxels],0.449977 [4273 voxels],0.484216 [6557 voxels],0.474342 [42295 voxels],0.47324 [16349 voxels],0.558022 [3860 voxels],0.565936 [4695 voxels],0.567834 [5733 voxels],0.65385 [5822 voxels],0.543324 [13488 voxels],0.549802 [12635 voxels],0.508327 [13909 voxels],0.563731 [10811 voxels],0.548174 [21586 voxels],0.480293 [2746 voxels],0.529807 [14037 voxels],0.603383 [4974 voxels],0.565353 [2568 voxels],0.597398 [12617 voxels],0.513882 [1547 voxels],0.524113 [5553 voxels],0.539989 [5066 voxels],0.51267 [17093 voxels],0.483111 [4478 voxels],0.526474 [1821 voxels],0.543383 [8200 voxels],0.557373 [3410 voxels],0.574222 [2076 voxels],0.616196 [1349 voxels],0.616405 [2056 voxels],0.578272 [275 voxels],0.469917 [15981 voxels],0.479603 [2377 voxels],0.461438 [3846 voxels],0.494116 [21246 voxels],0.525766 [23457 voxels],0.487305 [1096 voxels]
,,0.489131 [1979 voxels],0.470015 [8826 voxels],0.462489 [6190 voxels],0.491187 [1665 voxels],0.503365 [4262 voxels],0.484218 [4819 voxels],0.450255 [18464 voxels],0.484174 [5640 voxels],0.447333 [5153 voxels],0.498969 [79800 voxels],0.481408 [4273 voxels],0.471385 [6557 voxels],0.461905 [42295 voxels],0.47089 [16349 voxels],0.51731 [3860 voxels],0.546337 [4695 voxels],0.597654 [5733 voxels],0.650784 [5822 voxels],0.584054 [13488 voxels],0.5442 [12635 voxels],0.506952 [13909 voxels],0.558837 [10811 voxels],0.513073 [21586 voxels],0.394503 [2746 voxels],0.541431 [14037 voxels],0.585474 [4974 voxels],0.560036 [2568 voxels],0.553298 [12617 voxels],0.517134 [1547 voxels],0.501817 [5553 voxels],0.540026 [5066 voxels],0.489914 [17093 voxels],0.489326 [4478 voxels],0.514859 [1821 voxels],0.53531 [8200 voxels],0.550302 [3410 voxels],0.579793 [2076 voxels],0.596916 [1349 voxels],0.52402 [2056 voxels],0.534028 [275 voxels],0.468961 [15981 voxels],0.450494 [2377 voxels],0.437094 [3846 voxels],0.48498 [21246 voxels],0.529114 [23457 voxels],0.487395 [1096 voxels]
,,0.432162 [1979 voxels],0.435407 [8826 voxels],0.45762 [6190 voxels],0.446129 [1665 voxels],0.440253 [4262 voxels],0.427603 [4819 voxels],0.459605 [18464 voxels],0.43495 [5640 voxels],0.442845 [5153 voxels],0.483538 [79800 voxels],0.44492 [4273 voxels],0.441074 [6557 voxels],0.473763 [42295 voxels],0.454132 [16349 voxels],0.560567 [3860 voxels],0.529222 [4695 voxels],0.598085 [5733 voxels],0.642071 [5822 voxels],0.551918 [13488 voxels],0.563936 [12635 voxels],0.475619 [13909 voxels],0.572406 [10811 voxels],0.521332 [21586 voxels],0.49309 [2746 voxels],0.528796 [14037 voxels],0.5823 [4974 voxels],0.5794 [2568 voxels],0.562336 [12617 voxels],0.515176 [1547 voxels],0.495086 [5553 voxels],0.517149 [5066 voxels],0.500599 [17093 voxels],0.462853 [4478 voxels],0.497148 [1821 voxels],0.526218 [8200 voxels],0.515402 [3410 voxels],0.564941 [2076 voxels],0.590606 [1349 voxels],0.537616 [2056 voxels],0.59981 [275 voxels],0.482898 [15981 voxels],0.440137 [2377 voxels],0.451847 [3846 voxels],0.484359 [21246 voxels],0.490977 [23457 voxels],0.451249 [1096 voxels]
,,0.437855 [1979 voxels],0.445554 [8826 voxels],0.471845 [6190 voxels],0.50396 [1665 voxels],0.486736 [4262 voxels],0.405149 [4819 voxels],0.479697 [18464 voxels],0.447632 [5640 voxels],0.47829 [5153 voxels],0.511393 [79800 voxels],0.457512 [4273 voxels],0.491578 [6557 voxels],0.467678 [42295 voxels],0.469607 [16349 voxels],0.562025 [3860 voxels],0.517445 [4695 voxels],0.607682 [5733 voxels],0.580759 [5822 voxels],0.572236 [13488 voxels],0.534226 [12635 voxels],0.487854 [13909 voxels],0.578577 [10811 voxels],0.540892 [21586 voxels],0.500348 [2746 voxels],0.505949 [14037 voxels],0.595688 [4974 voxels],0.542285 [2568 voxels],0.577818 [12617 voxels],0.509649 [1547 voxels],0.496478 [5553 voxels],0.528624 [5066 voxels],0.545125 [17093 voxels],0.476923 [4478 voxels],0.555637 [1821 voxels],0.530428 [8200 voxels],0.552461 [3410 voxels],0.568649 [2076 voxels],0.55525 [1349 voxels],0.544845 [2056 voxels],0.62049 [275 voxels],0.491495 [15981 voxels],0.436728 [2377 voxels],0.456079 [3846 voxels],0.493914 [21246 voxels],0.51111 [23457 voxels],0.476949 [1096 voxels]
